Input (Latin),Target (Devanagari),Predicted (Devanagari)
sweccha,स्वेच्छा,स्वेच्छ
sahuuliyata,सहूलियत,सहूलियता
mangesh,मंगेश,मंगेशे
aadhaarit,आधारित,धधारित
maisor,मैसोर,सियोरो
kalika,कलिका,कीलका
bharakaaya,भड़काया,भरकाय
bhusi,भूसी,सूसी
jalvayu,जलवायु,जलवायुय
namo,नामो,मोमोम
nichla,निचला,निचला
janajagran,जनजागरण,जनजाग्रन
enth,ऐंठ,ठंठठ
mates,मेट्स,सेटससे
udghosh,उदघोष,उद्घोष
nawanagar,नवानगर,नवानगर
haito,हैतो,टीओटो
bagabani,बागबानी,बगाबनी
dikhaaiye,दिखाइये,दिखाइए
chehon,छहों,चेहोन
dikhai,दिखाई,दिखाई
hupper,हूपर,पुपरप
chi,ची,चीच
nagaada,नगाड़ा,नगाड़
nana,नना,नानन
vaitrawati,वैत्रवती,वैत्रवती
kachche,कच्चे,कच्चेच
janaganna,जनगणना,जनगन्नन
dikhai,दिखार्इ,दिखाई
rambharosey,रामभरोसे,रामभरोसे
shrunkhlaon,श्रंखलाओं,श्रृंखलाओं
mulon,मूलों,मूलों
nirdeshikaa,निर्देशिका,निर्देशिका
kamaljeet,कमलजीत,कमलजीत
obrayan,ओब्रायन,ओब्रेयनन
sulkhan,सुलखान,सुल्खन
scala,स्काला,स्केला
bachati,बचती,बचाती
kpo,केपीओ,पोपोपक
baramde,बरामदे,बरामडेड
rasayanon,रसायनों,रसायनों
moody,मूडी,द्यद्
boston,बॉस्टन,बोस्टन
aparivartanshali,अपरिवर्तनशील,अपरिवर्तनशली
hasinon,हसीनों,हासिनों
fyuji,फ्यूजी,फ्यूजीज
parva,परवा,वर्वव
udakishunganj,उदाकिशुनगंज,उदाकिशंगंज
modern,मॉडर्न,डोडर्न
bandage,बैंडेज,बंंगेज
augustustine,अगस्टाइन,ऑगस्टस्टस
pehla,पहला,लेलाल
han,हां,हहनह
sooraj,सूरज,रूरजा
vanshvaad,वंशवाद,वंशवाद
pagabadha,पगबाधा,पगगढ़
jununi,जुनूनी,जूनुनि
anukulata,अनुकूलता,अनुकुलता
belinda,बेलिंडा,बेलिंदड
kagaj,कागज़,जगज़ा
jeen,जीन,निने
alayans,अलायंस,लायंस
beem,बीम,मीमी
kurvi,कर्वी,रूवीवु
dikhla,दिखला,दिखला
aden,एडेन,देेंे
lootmaar,लूटमार,लूटमारा
dharmesh,धर्मेश,दर्मेशश
namavaliyon,नामावलियों,नमावलियों
tarafa,तरफा,तरफफफ
trap,ट्रैप,र्पारप
rangte,रंगते,रंगते
jhankana,झांकना,झांकना
singaar,सिंगार,सिंगार
basava,बसावा,बसववा
pahnati,पहनाती,पहनाती
udakishuganj,उदाकिशुनगंज,उदाकिशगंज
jerusalem,यरूशलेम,जरूसलेम
chaukhate,चौखटे,चौखते
salary,सैलरी,लैलर्य
ubhaara,उभारा,उभारार
asfalt,एस्फाल्ट,लफ्लतल
machaye,मचाए,मछाए
yaatanaon,यातनाओं,यातनाओं
aarya,आर्यो,र्या
pulmonary,पल्मोनरी,पुल्मनार्
mitaao,मिटाओ,मिटाओओ
junior,जूनियर,नुयूरिय
lassi,लस्सी,लस्सीस
shawn,शॉन,न्वन
cricketing,क्रिकेटिंग,क्रिकेटिंग
dardara,दरदरा,दर्दरा
zuban,ज़ुबान,जुबान
vashikaran,वशीकरण,वाषीकरण
ghumakkaron,घुमक्कड़ों,घुमाक्रों
dhokebaaj,धोखेबाज,धोकेबाज
melani,मेलानी,मेलनी
duvidhaen,दुविधाएं,दुविधाएं
tahi,ताहि,ही
risne,रिसने,रिस्ने
bajrangi,बजरंगी,बजरंगी
bikaner,बीकानेर,बीकनेें
galgand,गलगंड,गलगंद
janganna,जनगणना,जंगन्नन
aabantit,आबंटित,बांतित
satane,सताने,सताने
stops,स्टॉप्स,स्टोप्सप
programmers,प्रोग्रामर्स,प्रोग्रामर्मर
isht,ईष्ट,ष्षष्
vigyaani,विज्ञानी,विज्ञानी
mario,मारियो,शोयोमम
kaalpi,कालपी,कालपीप
manzila,मंजिला,मंजिला
gaumutra,गौमूत्र,गौमुत्र
kailana,कायलाना,कैलनना
jaatkon,जातकों,जातकों
douglas,डगलस,दौगलस
dwaadas,द्वादश,द्वादास
pib,पीआईबी,पिबिपपी
dubaana,डुबाना,दुबानान
karachana,करछना,कराचना
vikramjit,विक्रमजीत,विक्रमजित
bajaru,बाजारू,रजारूर
karchhana,करछना,कर्छचन
panchang,पंचांग,ंचांग
halla,हल्ला,हललाल
raghuram,रघुराम,रघुराम
toka,टोका,कोकको
bisawan,बीसवां,बिसवान
ladai,लड़ाई,लड़ाई
chitrkar,चित्रकार,चित्रकर
naseem,नसीम,सीमीम
granite,ग्रेनाइट,ग्रेनिटे
nevedya,नैवेद्य,नेवेद्य
ghumakkadon,घुमक्कड़ों,घुमाक्कड़ों
nemo,नेमो,मोमोम
louis,लुईस,इजिसि
falta,फलता,फलता
kajoo,काजू,कोजूू
akhil,अखिल,लिलिख
uda,उदा,दाड़
tapuon,टापुओं,तपुओंओओ
peranormal,पैरानॉर्मल,पेरणोर्मल
janam,जानम,मानमम
bakoul,बकौल,कोउलल
jerry,जैरी,रररी
lanchar,लांचर,लंचाचा
saraha,सराहा,सरहहाह
amavsya,अमावस्या,अमावस्य
mauritious,मॉरिशस,मौरिशस
mejban,मेजबान,मेजबान
hercules,हरक्यूलिस,हेरकललेस
ranjkta,रंजकता,रंजकता
mam,मम,ममम
ripan,रिपन,रिपनप
stre,स्ट्रे,स्ट्रे
inhaletion,इनहेलेशन,इन्हेलेशन
thahrane,ठहरने,ठहराने
jaddit,जड़ित,द्दिति
tadipar,तड़ीपार,तदीपर
awashist,अवशिष्ट,वाशिस्त्
baahulya,बाहुल्य,बाहुल्य
kanaal,कनाल,अनाला
lemon,लेमन,लेमोन
bodra,बोदरा,बोद्र
sansthit,संस्थित,संस्थिति
amarohi,अमरोही,अमरोही
paraadheen,पराधीन,पराधीनी
alonso,अलोंसो,लोनसोंस
sujhati,सुझाती,सूझती
jeen,जिन,निने
dvc,डीवीसी,व्सवकवी
avrutiyon,आवृत्तियों,आवृतियों
sharabon,शराबों,शराबों
jgaayega,जगाएगा,जगाएगग
mundva,मुंडवा,मुंडवाव
makrani,मकरानी,मकरणीन
nelsan,नेल्सन,नेल्सन
juti,जुटी,तूटी
abhi,अभी,भीभी
sanskurt,संस्कृत,संस्कृत
beejak,बीजक,बीजक
ayodhyeanath,अयोध्यानाथ,अयोध्यनाथ
picture,पिक्चर,किक्चर
westinghouse,वेस्टिंगहाउस,वेस्टिंघोस
hymen,हाइमन,माइनें
neet,नीट,नीतन
polish,पोलिश,शलिशि
tantrikaon,तंत्रिकाओं,तंत्रिकाओं
jokhim,जोखिम,खोखिमि
dabhara,डभरा,दभरहर
failaaiye,फैलाइए,फैलाइए
maason,मासों,मासों
aapdayein,आपदाएं,आपदाएं
maheman,मेहमान,महेमनाम
shrinkhalaon,श्रंखलाओं,श्रृंखलाओं
orion,ओरियन,आरियोन
narnaari,नरनारी,नर्नारी
neat,नीट,तेंट
dhamkaataa,धमकाता,धमकाता
dabolim,डाबोलिम,दबोलिमि
saraahi,सराही,सराही
pagalaa,पगला,गगलाल
chrom,क्रोम,मोमोरच
packajon,पैकेजों,पैकाजों
singhade,सिंघाड़े,सिंहदेड़
mashrak,मशरक,रशशक्
jodta,जोड़ता,जोड़ता
allah,आल्हा,ल्लाहह
daakhile,दाखिले,दाखिले
judai,जुड़ाई,जुड़ाई
boliae,बोलिए,बोलिया
antrmukh,अंतर्मुख,अंतर्मुख
rupesh,रुपेश,पूरेशश
khaein,खाएं,एेंें
bangash,बंगश,गंगशश
aerobic,एरोबिक,रेोरबिक
phalne,फलने,पलने
morya,मौर्या,मोर्या
namkin,नमकीन,नमकीन
ladaeyon,लड़ाईयों,लडाएयों
viresh,वीरेश,रिशेश
karyakartaon,कार्यकर्ताओं,कार्यकारताओं
aastin,आस्तीन,स्टिनिक
najarandaaj,नजरंदाज,नजरअंदाज
taapti,ताप्ती,तापती
nidhaan,निधान,निधान
padegaa,पड़ेगा,पड़ेगा
solicitor,सॉलिसिटर,सोलीसिटर्
vanita,वनिता,वनित्त
mahanideshak,महानिदेशक,महानिदेशक
nrutyashaili,नृत्यशैली,नृत्यशशलील
dukhan,दुखन,दूखन
dvadash,द्वादश,द्वदाशश
vidhut,विधुत,विधुत
jalbhrav,जलभराव,जलभरववर
edan,एडेन,दान
registered,रजिस्टर्ड,रेजिस्टर्ड
box,बाॅक्स,क्षकक्ष
aram,आराम,राममा
andreas,एंड्रियास,रंद्रेयर
saira,सायरा,रैरार
jiya,जिया,यियजज
vrutton,वृत्तों,वृत्तों
sirpur,सिरपुर,पीरपुरु
shrungar,शृंगार,गृंगर
atthas,अट्टहास,थठठासहा
manjilen,मंजिलें,मंजिलें
khalnayak,खलनायक,खलनायक
rahenge,रहेंगे,रहेंगे
ghataya,घटाया,गटाया
tip,टिप,पिपि
chakkar,चक्कर,चक्कर
banthia,बांठिया,बंठीय
dvivedi,द्विवेदी,द्विवेदी
dhairyavaan,धैर्यवान,धैर्यवान
kping,कपिंग,ंपिंग
shao,शाओ,शाओष
byaawa,ब्यावर,ब्याववा
yatna,यातना,यतनाना
udanon,उड़ानों,उदानों
tarabganj,तरबगंज,तरब्गंज
higman,हाइमन,हिगमना
jad,जड़,जड़द
chheenk,छींक,किंक
chipkane,चिपकने,चिपकने
farmion,फर्मिऑन,फर्मियन
krantiyon,क्रांतियों,क्रांतियों
bilae,बिलाई,बिलाई
bhadkaya,भड़काया,भड़काय
gyatavya,ज्ञातव्य,ग्यातव्य
ainthey,ऐंठे,ठंथे
alba,अल्बा,बलबबा
sulzai,सुलझाई,सुलझाई
sayra,सायरा,रयरारस
sanchalnon,संचालनों,संचानों
pahani,पहनी,पहनी
mejabani,मेजबानी,मेजबानी
jinee,जिनी,निीीज
dhiryawaan,धैर्यवान,धिर्यवान
marmar,मरमर,मरमार
pisa,पीसा,सिससस
font,फॉन्ट,ंटनंटफ
dubona,डुबोना,दूबोनान
semen,सेमिन,सेमें
hindan,हिंडन,हिंदन
deji,डेजी,देजी
pathykram,पाठ्यक्रम,पथठ्यरम
seto,सेटो,टेटोो
bhuli,भूली,लूली
sapariwar,सपरिवार,सपरीवार
bakse,बक्से,सकेस
bharani,भरनी,बरानी
bulletin,बुलेटिन,बुलेतीन
daak,डाक,दक
asamanjasy,असामंजस्य,असममंजस्यस
sankhyaein,संख्याएं,संख्याएं
chuka,चुका,कुकक
swaroopon,स्वरुपों,स्वरूपों
nazarandaaj,नजरंदाज,नज़रंदाज
bhulaa,भूला,भुला
vitark,वितर्क,वितर्कर
talabgar,तलबगार,तलबगगर
entone,एंटोन,एंटोनी
hamlavar,हमलावर,हमलवरवर
liger,लिगर,जीगेर
maap,माप,पापम
khaen,खाएं,एं
dukke,दुक्के,दुकेक
tel,तेल,टेेे
maratha,मराठा,मराठाठ
reduction,रिडक्शन,रेड्यूक्
bharatanatyam,भरतनाट्यम्,भररतनाट्यम
oklahoma,ओकलाहोमा,ओकललोहमम
agende,एजेंडे,गेंजेड
makhdumpur,मखदुमपुर,मखदूमुरु
ghot,घोट,घोटघ
nadsa,नक्सल,सदस्सस
pharma,फार्मों,रममाराफफ
muhavare,मुहावरे,मुहावरेर
spma,सोमा,स्पम्
julmon,जुल्मों,जुल्मों
wealth,वेल्थ,लील्थ
tikon,टीकों,टीकोणो
jeevant,जीवंत,विवंतं
liidaron,लीडरों,लिइडारो
prardashan,प्रर्दशन,प्ररादशान
mauritius,मॉरिशस,मौरीशिस
antah,अंतः,थानाथ
tasir,तासीर,शिरिरि
acchi,अच्छी,च्छीच
uchhalne,उछालने,उछालने
bandhti,बंधती,बंधती
dinaank,दिनांक,दिनांक
chikhali,चिखली,चिखली
piloton,पायलटों,पिलोतों
kalraj,कलराज,रलराजा
amanat,अमानत,मानतत
fodaa,फोड़ा,फोड़ा
khattapan,खट्टापन,खट्टपनप
bhooswaami,भूस्वामी,भूस्वामी
nahargadh,नाहरगढ,नहरगढ़
emailon,ईमेलों,एमैलोन
shavkon,शावकों,शवकों
atharva,अथर्व,रथरवा
napa,नापा,पापा
handiya,हंडिया,हंडिया
asharaphi,अशरफी,अश्राफ
mathe,माथे,ठेठ
laegi,लाएगी,लाएगीग
jaylalita,जयललिता,जयललित
avashist,अवशिष्ट,शवशिष्टस
pummy,पम्मी,म्मीम
tivoli,टिवोली,तिवोली
dakhil,दाखिल,लिलिखी
wireless,वायरलेस,वायरलेसे
proto,प्रोटो,पोरोटोट
tenin,टैनिन,नेनिनि
samuels,सैम्युल्स,सममेलस्ल
sandrbh,संदर्भ,दंद्रभभ
dukaanon,दुकानों,दुकानों
saleeb,सलीब,बीबीब
barah,बारह,हराहर
udanen,उड़ानें,उदानें
ijaajat,इजाजत,इजाज़त
aalsi,आलसी,लासी
somi,सोमी,सोमी
maajin,माजिन,माजिनि
uttra,उत्तरा,उत्तर
kamau,कमाऊ,मौौौक
mahamantra,महामंत्र,महामंत्र
bhogte,भोगते,बोगते
nrutyon,नृत्यों,नृत्यों
slide,स्लाइड,स्लाइड
sandarbha,संदर्भ,संदरभभा
udaane,उड़ाने,उदाने
sajan,साजन,सजन
sliders,स्लाइड्स,लाइडर्सर
alnkaaron,अलंकारों,अलंकारों
mukhyopadhyaay,मुखोपाध्याय,मुख्योपड्य
zulmon,जुल्मों,जुल्मों
afroj,अफरोज,रफोजोर
sim,सीम,सीमी
laurens,लौरेंस,रेंसेंस
achambha,अचंभा,अंचभभभ
zalzale,ज़लज़ले,जललाेल
pahnata,पहनता,पहनाता
alochak,आलोचक,अलोचक
ghontane,घोंटने,घोंटने
mol,मोल,मललम
bechakar,बेचकर,बेचकरक
goyal,गोयल,लयलॉग
kanti,कांति,तंटी
prahaarak,प्रहारक,प्रहारक
yatraein,यात्राएं,यात्राएं
clasen,क्लासें,क्लेसने
anyaay,अन्याय,अन्यायय
ikaiyon,इकाईयों,आइकाइयों
puru,पुरू,रूरुप
matsyavatar,मत्स्यावतार,मत्स्यवतार
live,लाईव,विवेव
prahlad,प्रहलाद,राहलादा
aagat,आगत,गतगत
vaimanasya,वैमनस्य,वैमननस्य
vaishaakhi,वैशाखी,वैशाखी
labelo,लेबलों,लबेलोल
mhanideshak,महानिदेशक,महानिदेशक
chhupakar,छुपकर,छुपकार
haalchal,हालचाल,हालचाल
bhulon,भूलों,भूलों
pushpon,पुष्पों,पुष्पों
nihlani,निहलानी,निह्लानी
pushp,पुष्प,पषषपषप
rabha,राभा,भभभभर
vyavdhan,व्यवधान,व्यवधान
peary,पियरी,रियरी
thaharne,ठहरने,तहरनेन
bewkufana,बेवकूफाना,बेककुफना
naxal,नक्सल,लैक्ले
pmch,पीएमसीएच,चमचचमछपी
visheshaadhikaar,विशेषाधिकार,विशेषाधिकार
shaakhaaen,शाखाएं,शाखाएं
prastaavon,प्रस्तावों,प्रस्तावों
alankaron,अलंकारों,अलंकारों
routing,रूटिंग,ट्रिटिं
mta,एमटीए,मततमतम
pravatti,प्रवत्ति,प्रवत्ती
kanthhar,कंठहार,थंहरह
bhugata,भुगता,भूगतता
vyabhichari,व्यभिचार,व्यभभिचार
standhari,स्तनधारी,स्तनधारी
emile,एमिल,इमिले
raaj,राज,जारा
phabti,फब्ती,पब्ती
lalla,लल्ला,लललललल
dhiryavan,धैर्यवान,धीर्यवान
channa,चन्ना,न्ननन
sthul,स्थूल,लूलुओत
urfa,उर्फ,रफरफा
bachat,बचत,चाचत
shrart,शरारत,र्रार्
baksi,बक्सी,सीकी
ubhara,उभारा,उभररार
anavshyak,अनावश्यक,अनावश्यक
mamooli,मामूली,माूली
divyata,दिव्यता,दिव्यता
nirbadh,निर्बाध,निर्बधधध
physician,फिजिशियन,फिजिसियान
kalika,कालिका,कीलका
yaatna,यातना,यातन्न
ronit,रोनित,रोणीति
ikvitija,इक्विटीज,इक्वितजजज
mithya,मिथ्या,मिथ्य
bharakaya,भड़काया,भरकाय
manto,मंटो,टोंटो
shravani,श्रावणी,श्रवणीन
jaaunch,जाँच,ंचंच
urf,उर्फ,रफफफर
chandu,चंदू,दंडू
lairy,लैरी,रियरी
teekamgarh,टीकमगढ़,तीकमगढ़
als,एएलएस,लससलल
niveshkarta,निवेशकर्ता,निवेशकर्ता
sanketik,सांकेतिक,संकेतिक
tyoiharon,त्यौहारों,त्योयहहारो
laurense,लौरेंस,लारेंस
tuesday,ट्यूजडे,टुएसदेडय
apj,एपीजे,पजपप
prashaasanon,प्रशासनों,प्रशासनों
pahante,पहनते,पहांते
borkar,बोरकर,बोरकरर
pooranpur,पूरनपुर,पूरंपुरु
bhanu,भानू,णुणुण
daakhil,दाखिल,खिलिखी
shayak,शायक,याक्य
client,क्लांइट,क्लेंटे
narsanhar,नरसंहार,नरसंहरहण
ghataatop,घटाटोप,गटातोतो
egmore,एगमोर,गैमोर
budwig,बुडविग,वुडविग
ditaa,दिता,दिता
mahipal,महिपाल,हिप्पला
bheera,भीरा,रीरार
hijada,हिजड़ा,हिजड़ड़
lingbhed,लिंगभेद,लिंगभेद
malish,मालिश,शमिशि
packageon,पैकेजों,पैकेजन
sagarika,सागरिका,सगगरिका
dark,डॉर्क,कर्करर
kaningham,कनिंघम,कनिंघम
kakoo,काकू,कूकूक
sanshayon,संशयों,संशायों
pik,पिक,किकप
chakatte,चकत्ते,चकत्ते
sametati,समेटती,समेटती
kamatar,कमतर,कमातर
rajasva,राजस्व,राजस्व
bholi,भोली,लोलीभ
prahlaad,प्रहलाद,प्रहलादा
pummi,पम्मी,मममी
lindbhed,लिंगभेद,लिंदभेद
sabhayen,सभाएं,सभायें
prashasanik,प्रशासनिक,प्रशासननिक
siddhwat,सिद्धवट,सिद्धवतत
janjaagran,जनजागरण,जनजाग्रण
radhe,राधे,रेधे
ikai,इकाई,आईकाई
carat,कैरेट,रातारत
chhaviyan,छवियाँ,छावियां
jealous,जूलूस,येलोसउ
self,सेल्फ,फ्लफ
purvabhaas,पूर्वाभास,पूर्वभास
trebal,ट्रेबल,ट्रेबल
chatagaon,चटगांव,चटागाओं
chadhne,चढ़ने,चढ़ने
algavvadi,अलगाववादी,अल्गववादी
leaderon,लीडरों,लेडरों
aabru,आबरू,रबरूर
ayodhyaanaath,अयोध्यानाथ,अयोध्यानाथ
haqeeqat,हकीकत,हेकिकत
mahagranth,महाग्रंथ,महग्रांथ
sagrika,सागरिका,सगरीका
generate,जेनरेट,गेनरेटे
shaili,शैली,लैली
byrun,बायर्न,रूरूण
skhalan,स्खलन,स्खलना
bakhshne,बख्शने,बख़््न
rihana,रिहाना,रिहानण
jeera,जीरा,रीयरा
ludhakate,लुढ़कते,लुढ़कते
sure,श्योर,रे
shmadan,शमादान,शमदान
mahamantr,महामंत्र,महममंत्रत
kakkar,कक्कड़,क्कर
ninties,नाइनटीज,निंटीसी
ilayichi,इलाइची,इलायिची
raak,राक,काका
hairam,हैरम,हैरमा
paramparikata,पारंपरिकता,परंपरिकता
then,थेन,ठेने
chatushkoniya,चतुष्कोणीय,चतुश्कोणिया
dhamma,धम्मा,दम्ममा
vincent,विंसेंट,विंसेंट
lagna,लगना,लग्नन
padhaa,पढ़ा,ढढ़ा
bani,बानी,नीनीब
navanagar,नवानगर,नवानगर
dadrewa,ददरेवा,दद्रेवा
nubiya,नूबिया,नुबियाई
vatar,वाटर,रतार
navjaagaran,नवजागरण,नवजागरण
roya,रोया,योययर
katlari,कटलरी,कटलरी
sukhakar,सूखाकर,सुखाकार
avishvasniya,अविश्वसनीय,अविश्वासनीय
aarya,आर्य,र्या
tantrikao,तंत्रिकाओं,तंत्रिकाओं
quebec,क्यूबेक,क्बेबेक
borivali,बोरीवली,बोरिवाली
khyber,ख़ैबर,बेबरेे
qawwali,कव्वाली,कवववाली
alai,अली,लाई
sujhaati,सुझाती,सुझाती
urvarakon,उर्वरकों,उर्वरकोको
vaisley,वेस्ले,वैसले
pokar,पोकर,कोकार
laksar,लक्सर,लक्सरस
baniya,बनिया,बनिया
bhadakaaya,भड़काया,भड़काय
uplakshya,उपलक्ष्य,उपलपक्ष्य
raghupati,रघुपति,रघुपती
sultana,सुलताना,सुल्तनान
balli,बल्ली,लेली
kursiyon,कुर्सियों,कुर्सियों
updravi,उपद्रवी,उपद्रवी
nelson,नेल्सन,नेल्सन
stain,स्टैन,सेटेन
convention,कन्वेंशन,कन्वेशन
rental,रेंटल,ंरेटला
janhaani,जनहानि,जनहानी
mehmaan,मेहमान,मेहमान
sanyukta,संयुक्त,संयुक्त
sparivar,सपरिवार,स्परिवार
rese,रेस,सेसी
larry,लैरी,रीरीय
gin,जिन,गिनि
dyeyvadi,ध्येयवादी,द्येवदीदी
avarnataa,अवर्णता,अवर्णता
maine,मैने,नेने
angadh,अनगढ़,धाडढ़
putliyon,पुतलियों,पुटलियों
madhupur,मधुपुर,मधुपुरु
tarash,तराश,शारशश
letkar,लेटकर,लेटकार
motive,मोटिव,मोटिवे
batlae,बतलाए,बतलाई
rumani,रुमानी,रूमनी
mahinon,महीनों,महिनों
stone,स्टोन,स्टॉन
machaanon,मचानों,मचानों
uchhalane,उछालने,उछालने
jacks,जैक्स,क्सक
sudhaargrah,सुधारगृह,सुधारग्रह
clerys,क्लेरिस,क्लर्िसि
sweep,स्वीप,व्यूपी
jimme,जिम्मे,मिमेम
maori,माओरी,मोरी
ghatatop,घटाटोप,गटटोपोत
pagbadha,पगबाधा,पग्रधाध
moodi,मूडी,डूडी
simatataa,सिमटता,सिमतता
ramtek,रामटेक,रामतेके
shin,क्षीण,शिनशशश
ishaara,इशारा,ईशारार
wanon,वाणों,वानों
kakkad,कक्कड़,क्कड़क
ayodhyanaath,अयोध्यानाथ,अयोध्यनाथ
anupryogon,अनुप्रयोगों,अनुप्रोोगों
failaea,फैलाइए,फैलाईए
package,पैकेज,पैकेज
artery,आर्टरी,राटरी
gudna,गुदना,गुदनान
bhayo,भयो,योओय
manaye,मनाए,मानाय
swiftlate,स्विफ्टलेट,स्विफ्टलेट
chinke,छींके,किंके
hippo,हिप्पो,हिप्पोप
bhutal,भूतल,टूटलल
ubal,उबाल,लबलबु
liberation,लिब्रेशन,लाइबरेशन
labelon,लेबलों,लबेलों
ea,ईए,इईए
chhetri,छेत्री,छेत्री
last,लास्ट,स्ट्स्
dhunaai,धुनाई,दुनाई
james,जेम्स,सेंसे
nichalaa,निचला,निचला
racreation,रिक्रिएशन,रैक्रिशन
phodo,फोड़ों,डोडोडफफ
kasrat,कसरत,कर्तर
wedding,वेडिंग,वेदडिंग
nirbaadh,निर्बाध,निर्बाधध
patili,पतीली,पतिली
kisanon,किसानों,किसनों
vividh,विविध,विविधि
gujara,गुजारा,गुजरारा
chan,चान,केचच
vyvhargat,व्यवहारगत,व्यवहाग्गत
piky,पिकी,किक्प
najron,नजरों,नजरों
longewala,लोंगोवाल,लंगेवाल
juraab,जुराब,जूराबब
kaushalta,कौशलता,कौशलता
paraadhin,पराधीन,पराधीनी
labeling,लेबलिंग,लेबिंगिं
biswa,बिस्वा,बिस्ववा
slidon,स्लाइडों,स्लीडों
bhraant,भ्रांत,ंरंतं
rajkot,राजकोट,राजकोटो
jin,जिन,झिनि
aata,आटा,ताता
keede,कीड़े,दीदे
rectare,रैकेटियर,रेक्टरेेर
humlavar,हमलावर,हमलवरवर
pashtuun,पश्तून,श्ष्टुओ
fusion,फ्यूजन,फसियोने
brigton,ब्रिगटन,ब्रिगटों
jhankna,झांकना,नांकनाझ
maurya,मौर्या,रोय्या
launcher,लांचर,लौंचरे
mithila,मिथिला,मिथिला
parosne,परोसने,परोस्ने
niya,निया,यियाण
lakshyon,लक्ष्यों,लक्ष्यों
hounga,होऊंगा,हाउंगग
aakash,आकाश,काशशश
amaanati,अमानती,अमानती
chrome,क्रोम,क्रोमी
kaetholikon,कैथोलिकों,कैथोलिकों
bag,बीएजी,गग
ghoonsa,घूंसा,गूंसस
agusta,अगस्ता,अगुस्त
samanjasya,सामंजस्य,समानज्य
dastavej,दस्तावेज,दस्तवेज
sanjay,संजय,संजय
runners,रनर्स,रनर्सर
dayitva,दायित्व,दयित्व
kasim,कासिम,मिसिम
laata,लाता,लातात
mahlon,महलों,महलों
chink,छींक,किंक
shbana,शबाना,शबानन
sapraman,सप्रमाण,सप्रमाण
bheesham,भीष्म,भीषम
failegi,फैलेगी,फैलेगी
pakayen,पकाएं,पकाएं
dayitwa,दायित्व,दयित्वव
aalha,आल्हा,हाहा
trijata,त्रिजटा,त्रिजाता
aryika,आर्यिका,रियिका
prayasarat,प्रयासरत,प्रयासरत
karna,करना,रणना
men,मैन,मेनम
kaaji,काजी,जीजी
kundaliyan,कुंडलियाँ,कुंडलियां
swa,स्वा,स्ववस
elaichi,इलाइची,इलाछी
farm,फार्म,फ़रमफ़
vipreetataa,विपरीतता,विप्रीतता
perabola,पैराबोला,पेरबोलल
kalpanaon,कल्पनाओं,कल्पनाओं
durgun,दुर्गुण,दूर्गुण
baarahamaasee,बारहमासी,बारहमासी
junun,जुनून,नुनून
sipaha,सिपाह,सिपहहा
rp,आरपी,प्रपर
amogh,अमोघ,घोघघघ
spray,स्प्रे,सप्पराय
suken,सुजेन,सूकें
jadet,जड़ित,देतते
atwaal,अटवाल,वटवलल
jarakh,जरख,खाखख
insurance,इंश्योरेंस,इंसरांससेस
samaadhaan,समाधान,समाधान
gyapit,ज्ञापित,ज्ञापित
less,लैस,सेलस
gujarata,गुजारता,गुजरतता
machaaye,मचाए,मछाए
wayna,वायना,वायनना
yatraen,यात्राएं,यात्राएं
shamil,शमिल,लिमिल
taiboo,टैबू,टैबूब
parnell,पार्नेल,न्रेलल
kanishtika,कनिष्ठिका,कािष्टिक
thirty,थर्टी,ट्रत्य
tufail,तुफैल,फूफैले
jeepney,जीपनी,जीपने
tapuwo,टापुओं,तपुवोओ
sanasthit,संस्थित,सनस्थित
vyaktigat,व्यक्तिगत,व्यक्तिगत
heros,हीरोज,हेरोसो
navya,नव्या,न्यव्य
broken,ब्रोकन,ब्रोकोे
ghanakar,घनाकार,गणकारक
bichhuaa,बिछुआ,बिछुआआ
dikhaaee,दिखाईं,दिखाई
lahraee,लहराई,लहराई
cant,कांट,ंटंंक
phod,फोड़,डौडडफ
aparivartanshil,अपरिवर्तनशील,अपरिवर्तनशील
hurricane,हरिकेन,हर्रिकन
najibabaad,नजीबाबाद,नजीबाबाद
mhantam,महानतम,महानतमत
pradhyapakon,प्राध्यापकों,प्रध्यापकों
udaa,उदा,दड़ा
tonga,टोंगा,टंगगां
stuti,स्तुति,स्टूटी
ankor,अंकोर,कोकोर
udhrva,ऊर्ध्व,उध्रवार
achhi,अच्छी,च्छीच
kaldvel,काल्डवेल,दललवेेल
to,तो,तत्
khaastaur,ख़ासतौर,कासतौर
avshisht,अवशिष्ट,शवशिष्ट
badhata,बढ़ाता,बढ़तता
jayalalita,जयललिता,जयललित
tarkwaad,तर्कवाद,तर्कवादा
jnhaani,जनहानि,जनहानी
sarsaa,सरसा,सरससा
farukhabad,फर्रुखाबाद,फरूखबाबद
convention,कनवेंशन,कन्वेशन
saunpane,सौंपने,सौंपने
dhoondhata,ढूंढता,ढूंढता
tonic,टॉनिक,टोनिकि
kamate,कमाते,तमते
simtata,सिमटता,सिमततता
aake,आके,के
barpaayaa,बरपाया,बरपाया
laurence,लौरेंस,लरेंसेस
tippanikar,टिप्पणीकार,तिप्पणिकार
putin,पुतिन,टिनिन
prapta,प्राप्त,प्रपत्त्
pushkarnaa,पुष्करणा,पुष्करण
padmavati,पदमावती,पद्मावती
parda,पर्दा,दरदादा
darul,दारूल,लुरुलु
sakra,सकरा,क्र
afroz,अफरोज,रफोज़ो
manipal,मणिपाल,निपल
virodh,विरोध,रिवोधध
nabz,नब्ज़,बजबझबन
sherawat,सहरावत,शेरावतत
anaavashyak,अनावश्यक,अनावश्यक
goswami,गोस्वामी,गोस्वामी
two,टु,त्व
trot,ट्रॉट,टोरोटो
bung,बंग,गंग
finger,फिंगर,गिंगर
gerome,जेरोम,गैरोमी
davey,डेवी,देवे
gsm,जीएसएम,एमएसएमस
favvare,फव्वारे,फववारे
jatatee,जताती,जततती
peelepan,पीलेपन,पीलेपन
kashton,कष्टों,कष्टों
rigs,रिग्स,गृग्सस
xm,एक्सएम,एम्सम्स
shriram,श्रीराम,रीरिराम
kmere,कमेरे,रेेरेे
ftii,एफटीआईआई,फट्ी
thakkar,ठक्कर,टक्कर
pijja,पिज्जा,पिज्जज
sabhen,सभाएं,बेहेन
choron,चोरों,चोरों
amavasya,अमावस्या,अमावस्य
chhura,छुरा,छुरुर
tainin,टैनिन,नीनिनि
macbook,मैकबुक,मैकबूक
darp,दर्प,पर्पर
shud,शुड,दूदु
bhugta,भुगता,भूगता
aajmaanaa,आजमाना,आजमाना
avegyanik,अवैज्ञानिक,अवेग्यनिक
safety,सेफ्टी,फेटफीटी
vimarsho,विमर्शों,विमर्शों
neechaaee,नीचाई,नीचाई
pailot,पायलट,पैलोटो
majin,माजिन,निजिन
rayan,रयान,याणयन
sanskari,संस्कारी,संस्कारी
simtataa,सिमटता,सिमतता
bhupsingh,भूपसिंह,बुप्सिंघ
bairakpur,बैरकपुर,बैरकपूरु
chheter,छेत्र,टेतेरे
vaisaakh,वैशाख,वैसाखख
pulse,पल्स,पुलसे
khariya,खरिया,क्रीया
vidhansabhaein,विधानसभाएं,विधानसभाएं
palmonari,पल्मोनरी,पललमोरी
profit,प्रॉफिट,रोफ़ीतफ
nights,नाइट्रस,जिघट्स्ट
nagarik,नागारिक,नगरीकि
lovasa,लवासा,लववससा
khal,खाल,खलखख
gross,ग्रॉस,ग्रोसस
saayn,सायं,यंयनस
suchak,सूचक,चूचक
jatak,जातक,कतक
caolan,कोलन,आओलन
dhtuen,धातुएं,धतुते
talbagar,तलबगार,तलबागगर
andheri,अंधेरी,दंधेरी
parikhaen,परीक्षाएं,परिकाएं
ganth,गांठ,ठंठठ
navjagran,नवजागरण,नवजाग्रण
paratrooper,पैराट्रूपर,परत्रुपर
jhilon,झीलों,झिलों
tired,टायर्ड,रेदरेद
roopesh,रुपेश,पूपेश
jatati,जताती,जततीती
praan,प्राण,अराण
khaskar,ख़ासकर,खस्कर
chee,ची,चीई
chhagan,छगन,छगगन
anuprayogi,अनुप्रयोगों,अनुप्रयोगी
judaai,जुदाई,जुड़ाई
tuth,ट्रुथ,ठठठठठठ
langar,लंगर,लंगार
pailoton,पायलटों,पैलोटोन
ekaeyon,इकाईयों,एकाइयों
sarkaren,सरकारें,सरकारें
chitthi,चिट्ठी,चित्ठी
kathfodave,कठफोड़वे,कठफोड़वेव
kisani,किसानी,किसनी
bastiyon,बस्तियों,बस्तियों
kavvali,कव्वाली,कवववाली
taseer,तासीर,रीयरीय
durdhara,दरदरा,दुर्धर
catholic,कैथोलिक,कैथलिक
singhi,सिंघी,सिंही
venkatraman,वेंकटरमन,वेंकटरमण
putali,पुतली,पुटाली
nikaalani,निकालनी,निकालनी
mehaman,मेहमान,मेहमन
maryaadaaon,मर्यादाओं,मर्यादाओं
alankaar,अलंकार,अलंकार
aswbhavik,अस्वभाविक,अस्वभाविक
ata,आटा,ताता
yari,यारी,री
updravon,उपद्रवों,उपद्रवों
vibha,विभा,भिभाभ
alagavavadi,अलगाववादी,अलगववादी
alphabet,अल्फ़ाबेट,लप्भबेत
khaatey,खाते,काटते
pushkarna,पुष्करणा,पुष्करण
bhavnaon,भावनाओं,भावनाओं
dikhaain,दिखाईं,दिखाइन
masur,मसूर,रुशुर
dhakaal,ढकाल,अकाला
firti,फिरती,फिर्ती
jaino,जैनों,नोनोन
ecuador,इक्वाडोर,एक्युडोरो
vishwasniiyataa,विश्वसनीयता,विश्वसनियता
traded,ट्रेडेड,र्डेडेड
rana,राणा,नाणनर
byavar,ब्यावर,बाववरव
lycopene,लाइकोपिन,लिकॉपेन
chand,चंद,छंंद
daav,दाव,दावा
ganthen,गांठें,गंठें
spry,स्प्रे,प्सप्री
pakhandi,पाखंडी,पखंडी
bhraantiyon,भ्रांतियों,भ्रांतियों
gujar,गुजार,गुजर
baitul,बैतूल,तितूलु
muth,मूठ,थठठठ
candidate,कैंडिडेट,कैंडीडेट
francisco,फ्रांसिस्को,फ्रैंसिस्कोस
frost,फ्रॉस्ट,फ्रोस्टस
polimer,पॉलिमर,लोलिमेम
panapnaa,पनपना,पनप्ना
triya,त्रिया,त्रिया
eliminator,एलिमिनेटर,एलिमिनेटर
bravo,ब्रावो,वाोवोब
bodraa,बोदरा,बोदरा
ripon,रिपन,रिपों
athak,अथक,कथाक
prabodhini,प्रबोधिनी,प्रबोधिनी
nanaa,नना,नना
tyoharon,त्यौहारों,त्योहारों
prashasanon,प्रशासनों,प्रशासनों
satvat,सत्वत,वत्तवत
fringe,फ्रिंज,फ्रिंगे
vaadak,वादक,दादक
baldwin,बाल्डविन,बलदवीनी
dukhiyon,दुखियों,दुख्यियो
jha,झ,झझ
ralaud,रालोद,रालौदौ
manjilein,मंजिलें,मंजिलें
narbhakshi,नरभक्षी,नर्भक्षी
batlaakar,बतलाकर,बटलाकार
kisaani,किसानी,किसानी
haaranaa,हारना,हररणान
babt,बाबत,ब्तबब
poshit,पोषित,शुषित
usaki,उसकी,उसकीक
ikhrul,उखरुल,रुचूलु
charge,चार्ज,ग्रगज
straws,स्ट्रास,स्ट्रवस्
achchi,अच्छी,चच्चीच
veeresh,वीरेश,वीरेशश
dhande,धंधे,देंडे
achnera,अछनेरा,चचनररर
kut,कूट,कुटु
dav,दाव,दददद
pakaayein,पकाएं,पकाएं
born,बोर्न,नॉर्न
sapate,सपाटे,सपते
cradle,क्रैडल,क्रेडलल
shaakir,शाकिर,क्रिकि
pichhade,पिछड़े,पिछड़ेड
vaadiyon,वादियों,वादियों
audyogikarana,औद्योगिकरण,औद्योगिकरण
vaishakhi,वैशाखी,वैशक्षी
abvp,एबीवीपी,व्पवप्व
jangadnaa,जनगणना,जंगद्ना
angaarak,अंगारक,अंगारक
nauner,नौनेर,नौरें
refaeli,रेफेली,रेफाली
bandhati,बंधती,बंधती
sakshan,सक्शन,स्क्षण
chhetthari,छेत्री,छेत्रही
aurora,औरोरा,रूरोरर
nau,नाऊ,ऊणौन
mahavishnu,महाविष्णु,महाविष्णुन
lakme,लक्मे,लकमेे
aavritti,आवृत्ति,आवृत्ति
dhaari,धारी,दरी
kiliyan,किलियन,किलियाँ
drupad,ध्रुपद,दृपदद
pantar,पंटर,तंतर
mowgli,मोगली,मूगली
joint,ज्वाइंट,ंटिंट
tareeko,तरीको,टीकोको
egmor,एगमोर,मगमरोर
darra,दर्रा,रररारा
jay,जय,जजय
patachep,पटाक्षेप,पाचचेपप
olavrishti,ओलावृष्टि,ओलवृष्टि
psv,पीएसवी,पवसप्पष
programs,प्रोग्रामर्स,पोर्गामसमसम
cigretton,सिगरेटों,साइग्रेटन
gatishilata,गतिशीलता,गतिशिलता
garjana,गर्जना,गर्जनान
rosariyo,रोसारियो,रोसरियोिय
sambhalane,संभालने,संभालने
praudh,प्रौढ,धौड़धध
eddie,एड्डी,द्दी
cavity,कैविटी,क्विट्य
soma,सोमा,मोमम
bhabhoot,भभूत,भभूत
sanskaari,संस्कारी,संस्कारी
kangan,कंगन,गंगन
achievement,अचीवमेंट,अचिवेमेंट
baji,बाज़ी,जीज
urwarakon,उर्वरकों,उर्वरकोको
bantne,बंटने,बंटनेन
moolchand,मूलचंद,मूलचंद
thief,थीफ,ठफफफ
mumba,बंबा,बंबबब
gahmagahmi,गहमागहमी,गहमगहमी
kumawat,कुमावत,कुमावटत
adani,अदाणी,दानी
nabj,नब्ज़,ज़्जब
khurasan,खुरासान,कुरासनसन
rig,रिग,ऋगगर
besin,बेसिन,सेनिसी
atke,अटके,कतके
vaigyanikata,वैज्ञानिकता,वैज्ञनिकता
nigger,निगर,गेगर
oxide,ऑक्साइड,ऑक्सीडे
sudip,सुदीप,दूपिपि
atharv,अथर्व,र्थरवर
imaging,इमेजिंग,जामिंगिं
bakuu,बाकू,कुउूक
pythagoras,पाइथागोरस,प्थथगोरास
mool,मूल,लूमऊ
dabi,डाबी,बीब
fodon,फोड़ों,फोड़ों
marwar,मारवाड़,वरवार
hawalaat,हवालात,हवालात
jvaron,ज्वारों,जवारों
mimicry,मिमिक्री,मिमिक्री
cil,सीआईएल,शिल
mangani,मांगनी,मंगानी
dhairyawan,धैर्यवान,धैर्यवान
mahavidya,महाविद्या,महाविद्य
birth,बर्थ,र्थठथ
sochne,सोचने,सोचने
dit,डिट,दितत
avishkar,आविष्कार,आविष्कार
sthoolta,स्थूलता,स्थूलता
robertson,रॉबर्टसन,रॉबर्ट्सन
raatrichar,रात्रिचर,रात्रिचार
bhraantiyan,भ्रांतियां,भ्रांतियां
atwal,अटवाल,वटवलल
rudolph,रुडोल्फ,रूडोल्फ
registani,रेगिस्तानी,रेजिस्तानी
dadreva,ददरेवा,द्रदेवा
mayorka,मयोर्का,मयोर्करक
urdhav,ऊर्ध्व,उदृधवा
sanyojan,संयोजन,संयोजन
harana,हारना,हरानाण
karanj,करंज,ंंजं
chhupata,छुपता,छुपता
wadiyon,वादियों,वाडियों
aavishkaar,आविष्कार,आविष्कार
gaanth,गांठ,ठंठठ
kumau,कुमाऊ,अमुओौम
durghatna,दुर्घटना,दुर्घटनान
nagaadaa,नगाड़ा,नगाडा
anakon,अंकों,अनाकों
raubadaar,रौबदार,रौबदार
sunasir,सुनासीर,सुनासिरि
bauni,बौनी,नुनी
khastaur,ख़ासतौर,स्तसौरौर
chanwal,चांवल,वंनलवा
pakaayen,पकाएं,पकाएं
khuda,खुदा,दाड़ख
dikhayin,दिखाईं,दिखाइं
seem,सीम,मीमी
lakiron,लकीरों,लाकिरों
deshkaal,देशकाल,देशकाल
bahuly,बाहुल्य,बहुल्य
gomake,गोमके,गोमकेक
mave,मावे,वेवेम
rahmat,रहमत,रहमतम
mehram,मेहराम,मेहराम
suiyan,सूइयां,यियानिय
vaangchuk,वांगचुक,वांगचुक
bangbandhu,बंगबंधु,बंगबंधु
mukhyamantri,मुख्यमंत्री,मुख्यमंत्री
taapmaanon,तापमानों,तापमानों
richual,रिचुअल,रिचुआल
virodhabhason,विरोधाभासों,विरोधाभसों
duak,ड्यूक,दाक
tarashay,तराशे,तराश्य
batlakar,बतलाकर,बटलकर
apavartit,अपवर्तित,अपवर्तित
mantriyon,मंत्रियों,मंत्रियों
surinama,सूरीनाम,सुरिणममम
lindon,लिंडन,लिंडों
chandan,चंदन,ंंडान
ghuman,घुमाण,गुमान
tapan,तपन,पापन
bachti,बचती,चचती
speller,स्पेलर,लेपलरले
ijajat,इजाजत,इज़ाजत
janjagran,जनजागरण,जनजाग्रण
manch,मंच,चंचं
theatrs,थियेटर्स,टीट्रस्ट
testing,टेस्टिंग,टेस्टिंगि
baag,बाग,गाग
brigadier,ब्रिगेडियर,ब्रिगड़ीर
lambi,लंबी,लंबीब
jh,झ,झझ
jamaeya,जमाया,जमायय
bells,बैल्स,लेसल्स
sahadev,सहदेव,सहदेवे
bhavishya,भविष्य,भविष्य
chikitsakon,चिकित्सकों,चिकित्सकों
hemvati,हेमवती,हेमवती
ramkote,रामकोट,रामकोटे
taul,तौल,लौलौ
tyohar,त्यौहार,त्योहारह
sankhyayen,संख्याएं,संख्यायें
pachaataa,पचाता,पचाता
rishtey,रिश्ते,रिश्ते
ilaaj,इलाज,लाईजा
bhookhi,भूखी,भूखी
khairati,खैराती,खैरती
khajrana,खजराना,खजराना
purple,पर्पल,प्रप्ल
jaankaron,जानकारों,जानकरों
oceanic,ओशनिक,ओसिनिक
bharatnatyam,भरतनाट्यम्,भारतनाट्यम
trubyunal,ट्रिब्यूनल,त्रुब्यूलन
cadmium,कैडमियम,कैडमियम
pied,पाइड,डेयडी
bhoopsingh,भूपसिंह,बूपसिंह
raaji,राजी,ज़ाजी
bajana,बजना,बजाना
kazi,काजी,जीज़क
vanshvad,वंशवाद,वंश्वदा
dose,डोज,डोसे
kanal,कनाल,अनाल
chest,चेस्ट,स्ट्सस
aagaa,आग़ा,गागा
uski,उसकी,उसकी
badhati,बढ़ाती,बढ़ती
dhak,धाक,धधधध
varsaryache,वर्साचे,वर्सरायच
anishwarvadi,अनीश्वरवादी,अनिश्वरवादी
jaden,जड़ें,जड़ें
reja,रेजा,जरजार
taja,ताजा,जजाात
palatne,पलटने,पलटने
chhajan,छाजन,छज़ान
theater,थियेटर,टीतेरेठ
mtec,एमटेक,केकस
naam,नाम,नममण
girjaghar,गिरजाघर,गिरजाघर
immune,इम्युन,इम्यून
udane,उड़ाने,उदाने
sapramaan,सप्रमाण,सप्रमाण
rajnitikaran,राजनीतीकरण,राजनीतिकरण
batlaye,बतलाए,बतलाए
shabana,शबाना,शबाना
aagashe,आगाशे,आगशाशे
talvon,तलवों,तलवों
dastana,दस्ताना,दस्तनान
atakta,अटकता,ताकततत
mezbaan,मेज़बान,मेजबान
aavriti,आवृत्ति,आवृति
official,ऑफिशियल,ऑफिसियल
watson,वाटसन,वास्सन
tribunal,ट्रिब्युनल,त्रिबूनल
visheshanon,विशेषणों,विशेषनों
dekhoge,देखोगे,देखोगे
suriname,सूरीनाम,सुरिनामे
canals,कनाल,कैल्स
chaplusi,चापलूसी,चपलुसी
ginate,गिनते,गिनते
patavaari,पटवारी,पतवारी
teap,टिप,पीपट
hundiya,हंडिया,हंडिया
slaaidon,स्लाइडों,स्लाइडों
ghumaan,घुमाण,गुमान
chaudhawan,चौदहवां,चौधवानव
aawajon,आवाज़ों,आवाजों
idol,आइडल,लोडोल
khushiyan,खुशियां,खुशियां
bhaunhon,भौंहों,भौनहों
baljeet,बलजीत,जललीतत
trijta,त्रिजटा,त्रिज्तत
vesh,वेश,शेशश
label,लेबल,लेबले
lutf,लुत्फ,फटफफफफ
dhyeywadi,ध्येयवादी,ध्येवादी
patkathaayein,पटकथाएं,पटकथाएं
dikhaai,दिखाईं,दिखाई
facial,फेशियल,शियल
november,नवंबर,नोमबेब
salahkar,सलाहकार,सलाहकर
chhupkar,छुपकर,छुपकार
ghasi,घासी,सीसीघ
submission,सबमिशन,सबम्शिय
aliance,अलायंस,आलिएसेस
gyatvy,ज्ञातव्य,ग्यतत्व्य
pathykramon,पाठ्यक्रमों,पाठ्यक्रमों
sabhyata,सभ्यता,सभ्यता
baapa,बापा,पापपप
likhakar,लिखकर,लिखकरक
refeli,रेफेली,रेफलील
uplabdh,उपलब्ध,उपलपब्ध
mezbaani,मेज़बानी,मेजबानी
tuning,ट्यूनिंग,निंगिंग
baramad,बरामद,रामदमद
owem,ओवम,मेमम
vipritata,विपरीतता,विप्रिततत
betul,बैतूल,तूलुलु
dardraa,दरदरा,दर्दरा
jalgati,जलगति,जलगती
saga,सागा,गगगसस
pearson,पियरसन,पर्सन
vidhaaein,विद्याएं,विधाएं
kalamjeet,कमलजीत,कलमजित
jatra,जतरा,जत्रर
timer,टाइमर,मेमरेे
arbab,अरबाब,बरबबबब
bhukh,भूख,खखखख
bhareeye,भारीय,रेयरीय
theharne,ठहरने,ठहरनेन
valkan,वल्कन,वल्कन
yada,यदा,दादा
antarmukh,अंतर्मुख,अंतरमुख
ropane,रोपने,रोपने
angarh,अनगढ़,घराघहर
avaru,अवरु,रुरूर
karpatri,करपात्री,करपत्री
sandli,संदली,संदलील
awazen,आवाज़ें,आवाजेंे
girkar,गिरकर,गिरकार
vayana,वायना,वायनाण
farmic,फार्मिक,फर्मिक
bosten,बॉस्टन,बोस्टेन
jhalkati,झलकती,झलकती
hariyali,हरियाली,हरियाली
lbdh,लब्ध,धधधधध
alankaaron,अलंकारों,अलंकारों
barhad,बरहद,बृहदह
junoon,जुनून,जूनून
gaytri,गायत्री,गयत्री
sugmta,सुगमता,सुगमता
aadan,आदान,दान
gatisheel,गतिशील,गतिशील
yarayan,यात्राएं,यारायण
vipro,विप्रो,प्विप्र
upakhyanon,उपाख्यानों,उपख्यानों
nilaabh,नीलाभ,निलभभभ
saraaha,सराहा,सराहहा
shaantikaal,शांतिकाल,शांतिकाल
bagad,बगड़,गाडड़
jamui,जमुई,जमूई
lakhkhi,लख्खी,लख्खी
chhai,छै,चाई
talbagaar,तलबगार,तलबगार
lindn,लिंडन,लिंदन
jagriti,जागृति,जगरीती
isteefe,इस्तीफे,इस्तीफीफ
kile,क़िले,लिले
parimal,परिमल,मीरमलल
pammu,पम्मी,म्मममू
charchaon,चर्चाओं,चर्चाओं
alance,अलायंस,एलेंस
hisham,हिशाम,हिषम
santati,संतति,संततीत
ria,रिया,रिआरआ
langada,लंगड़ा,लंगडड़
raj,राज,रज़र
reeta,रीता,रीता
nora,नोरा,रोररन
dharmraj,धर्मराज,दर्मराज
earth,अर्थ,थथथठ
venkataraman,वेंकटरमन,वेंकटरमण
masoor,मसूर,कोरूर
dhokebaaz,धोखेबाज,धोकेबाज
mubarakpur,मुबारकपुर,मुबारकपुरु
urwarta,उर्वरता,उर्वरत्त
bholu,भोलू,लोलुल
munaf,मुनाफ,अनुएफफ
vardhmaan,वर्द्धमान,वर्धमान
polishing,पॉलिशिंग,पालिशिंग
pmo,पीएमओ,मोमोपम
vaishakh,वैशाख,वैषाखख
bhumi,भुमि,मूमी
simatta,सिमटता,सिमत्तत
mufalisi,मुफलिसी,मुफलिसी
pehnati,पहनाती,पहनती
routes,रूट्स,राउटेस
vasearche,वर्साचे,वास्यरचे
rajneetikaran,राजनीतीकरण,राजनीतिकरण
telon,तेलों,टेलोन
ghumakkdon,घुमक्कड़ों,घुमाक्दों
pyade,प्यादे,प्यादेद
pahno,पहनो,नहोन
jgayegaa,जगाएगा,जाएगागा
gouchar,गोचर,गचचार
nihalchand,निहालचंद,निहालचंद
kankad,कंकड़,कंकडड़
niki,निकी,कीकी
kamere,कमेरे,रेमरेे
rowan,रोवन,आरानव
punjab,पंजाब,पंजाब
water,वाटर,टेयरट
bikherti,बिखेरती,बिखरती
sthitiyaan,स्थितियां,स्थितियां
gene,जैने,नेनेे
vibhajak,विभाजक,विभाजक
vyapak,व्यापक,व्यापक
padha,पढ़ा,धधाधप
panter,पंटर,टेंटर
aanad,आनद,दंडा
wajood,वजूद,वाउूड
ravael,रवैल,वैलेल
niketan,निकेतन,निकेटन
ali,अली,लील
surinaam,सूरीनाम,सूरीनामम
registan,रेगिस्तान,रेजिस्टेन
banvaa,बनवा,बंवाव
ballabh,बल्लभ,बललभभ
dhaarak,धारक,दारकर
jhuthla,झुठला,झुठला
parafin,पैराफिन,परफीन
fislaa,फिसला,फिस्ला
tankaar,टंकार,टंकार
lahalhati,लहलहाती,लहलहती
skala,स्काला,स्कला
dah,दाह,दद्ध
vigyani,विज्ञानी,विज्ञानी
samjhunga,समझूंगा,समझुंगग
patki,पटकी,कटीकप
danshil,दानशील,शंशिल
vartamaan,वर्तमान,वर्तमानम
virodhabhasi,विरोधाभासी,विरोधाभसी
updravion,उपद्रवियों,उपद्रवियों
sapney,सपने,सपने
ikattha,इकट्ठा,इक्ठठाठ
seaten,सीटें,सीटेने
lahlahaati,लहलहाती,लहलहती
stanadhari,स्तनधारी,स्तनाधारी
shrikar,श्रीकर,श्रीकार
apnani,अपनानी,अपनानी
farheen,फरहीन,फ़हीनी
basin,बेसिन,सिनिन
chithrkar,चित्रकार,चित्रकर
programers,प्रोग्रामर्स,प्रोग्रामर्मर
avarnata,अवर्णता,अवर्णनात
nicki,निकी,निकी
mushahid,मुशाहिद,मुशहिद्द
raalod,रालोद,रालोदो
doge,दोगे,दोगेग
vastvik,वास्तविक,वस्तविक
loge,लोगे,लोगे
manjila,मंजिला,मंजिला
prem,प्रेम,मेरमेप
dungarpur,डूंगरपुर,दुंगरपुरु
kabren,कब्रें,कबरेें
shaharwasiyon,शहरवासियों,शहरवासियों
lalkarta,ललकारता,ललकर्तता
tarkvaad,तर्कवाद,तर्कवाद
mardaani,मरदानी,मर्दानी
jini,जिनी,निनी
chanan,चानन,चननन
abbot,एबोट,ब्बोत
icc,आइसीसी,कीसचीसी
puna,पुना,नुनान
manae,मनाए,मानईए
branti,भ्रांति,ब्रंटी
dampatiyon,दंपतियों,दंपतियों
roosevelt,रुजवेल्ट,रूजवेल्टल
short,शोर्ट,रोत्रत
sandrbhon,संदर्भों,संद्रभों
sonu,सोनू,नोयुण
fulaaye,फुलाए,फुलाए
changul,चंगुल,गंगुलु
sahab,साहब,बंभबस
fatehgarh,फतेहगढ़,फटेगढ़
aanand,आनद,ंंदं
lochdar,लोचदार,लोचचद्र
denewali,देनेवाली,देनेवाली
ragon,रागों,रेगोन
ladaai,लड़ाई,लड़ाई
taraash,तराश,शारशश
rovan,रोवन,रोवन
sapane,सपने,सपने
vyavadhan,व्यवधान,व्यववाधा
dubna,डूबना,दूबनान
sisva,सिसवा,सिस्व
dahan,दहन,हानह
tark,तर्क,क्रक्
niptara,निपटारा,निपटारा
urvarata,उर्वरता,उर्वरता
aavishakaar,आविष्कार,आविष्कार
girjagharon,गिरजाघरों,गिरजाघरों
pashtun,पश्तून,श्ष्टुन
alasi,आलसी,आलासी
fransiska,फ्रांसिस्का,फ्रांसिस्क
baini,बैनी,नीनी
arjent,अर्जेंट,ज्रेंटें
maisore,मैसोर,मैसोर
chalenge,चलेंगे,चलेंगे
avrodhak,अवरोधक,अवरोधक
nikaalni,निकालनी,निकालनी
langaron,लंगरों,लंगारों
kutta,कुत्ता,कुट्टत
arushi,आरुषि,रूशि
soya,सोया,सोयाओ
sathiya,साथिया,शीयय
wirerless,वायरलेस,वारेलेस्
gujarate,गुजारते,गुजरते
paarshad,पार्षद,पार्षदा
brocken,ब्रोकन,ब्रोकें
lapetane,लपेटने,लपेटने
jaghaega,जगाएगा,जघाएगगा
vaishnodevi,वैष्णोदेवी,वैश्नोदेवी
khanik,खनिक,किंकि
judaai,जुड़ाई,जुड़ाई
lakeer,लकीर,कीरिक
khapat,खपत,पतटप
angreji,अंग्रज़ी,अंग्रेजी
snickers,स्नीकर्स,सिनक्र्स
chadron,चादरों,चड्रों
boliy,बोलिए,लोलियि
met,मेट,मेतम
duke,ड्यूक,दूके
diwani,दिवानी,दिवानी
vardhman,वर्द्धमान,वर्धमान
survin,सुरवीन,वर्विनी
paheliyon,पहेलियों,पहेलियों
kahaniyon,कहानियों,कहानियों
brijesh,ब्रजेश,ब्रिजेश
evening,ईवनिंग,नेनिंगि
machano,मचानों,मचानों
gunga,गूंगा,गुणगगग
pipra,पिपरा,पिपररा
chausinga,चौसिंगा,चौसिंगग
lahanaa,लहना,लहनान
awasthaen,अवस्थाएं,अवस्थाएं
jyotiba,ज्योतिबा,ज्योतिबाब
rangkata,रंजकता,रंगकता
baapaa,बापा,बापाप
avisvasniya,अविश्वसनीय,अविश्वस्निय
kambalon,कंबलों,कंबलों
vanon,वाणों,नाओं
navate,नवाते,नवाते
amanathi,अमानती,अमानती
dhatana,धटना,दताना
yarooshaleim,यरूशलेम,यारुशलेम
shitij,क्षितिज,तिसिजीश
ulema,उलेमा,उलेममम
chhapemar,छापेमार,छापेमार
population,पापुलेशन,पोपुलेशन
kanji,कांजी,कंजीजक
taaja,ताजा,जाजजा
pehno,पहनो,नहनोन
nitiyon,नीतियों,नीतियों
stray,स्ट्रे,स्त्रय
tantron,तंत्रों,तंत्रों
vikramjeet,विक्रमजीत,विक्रमजीत
thirke,थिरके,क्रकके
punter,पंटर,टंटर
matrix,मैट्रिक्स,क्रिक्रिक्
selfie,सेल्फी,सेलफी
aawazon,आवाज़ों,आवाजों
hui,हुईं,इऊुयू
paheliyan,पहेलियां,पहेलियाँ
tankar,टंकार,कंकर
saval,सवाल,लवल
vinit,विनीत,नितिित
sametti,समेटती,समेटीट
charcha,चर्चा,चर्चा
parvaa,परवा,वर्ाव
niyaa,निया,निया
adwait,अद्वैत,द्वैत
augustine,अगस्टाइन,ऑगस्टिनिन
roopak,रूपक,पूपक
aparivartansheel,अपरिवर्तनशील,अपरिवर्तनशील
dhammaa,धम्मा,धम्माम
deewani,दिवानी,दीवानी
drager,ड्रेजर,ज्रेगर
lumding,लुमडिंग,लमडिंग
paheliyaan,पहेलियां,पहेलियां
osaka,ओसाका,ओसककको
divya,दिव्या,दिव्य
marrej,मैरेज,जररेजर
theateron,थियेटरों,टीटरों
bilhaur,बिल्हौर,बिलहौरौ
parlouron,पार्लरों,पर्लोरों
vidhansabhaen,विधानसभाएं,विधानसभाएं
jira,जीरा,रिरार
prekshakon,प्रेक्षकों,प्रेक्षकों
prayaasrat,प्रयासरत,प्रयास्रत
mejbaani,मेज़बानी,मेजबानी
bhookh,भूख,खखखख
pran,प्राण,नारण
jainon,जैनों,नेनों
gayitri,गायत्री,गयित्री
granthiyaan,ग्रंथियां,ग्रंथियां
jamaate,जमाती,जमाते
apariharya,अपरिहार्य,अपरिहार्य
ipc,आईपीसी,सीपीसीप
ravaley,रावले,रवाले
dikhai,दिखायी,दिखाई
jajon,जजों,जाोजो
vidyaayein,विद्याएं,विद्यायें
ravish,रविश,शिषिश
ropne,रोपने,रोपने
thikane,ठिकाने,ठीकाने
jaatak,जातक,तातक
hong,हॉन्ग,गंगंघह
durghtna,दुर्घटना,दुर्घटनान
lavasa,लवासा,लवाससस
misha,मिशा,मिश्ष
bhusvami,भूस्वामी,भूसवामी
hemwati,हेमवती,हेमवती
kahane,कहने,कहाने
africa,अफ्रीका,राफिका
prahasan,प्रहसन,प्रहासन
dhoron,धोरों,दोरों
geneva,जिनीवा,गेनेवा
prapti,प्राप्ती,प्रपत्ती
gajara,गजरा,गजारा
banu,बनू,ऊनुण
jaat,जात,ततता
bhagane,भगाने,बगाने
chhagla,छागला,छगला
chatgaon,चटगांव,चटगांव
anchahe,अनचाहे,चंचहे
purjon,पुर्जों,पुर्जों
badhav,बढ़ाव,भदहव
hault,हाल्ट,लतल
dinosaur,डायनासोर,दिनोसौरों
daddy,डैडी,द्द्य
jurab,जुराब,रुबरबा
picking,पीकिंग,किंगिंग
chiththi,चिठ्ठी,चिठ्ठीठ
dikhayi,दिखार्इ,दिखाई
nishpaap,निष्पाप,निष्पापप
maariyo,मारियो,मारियोो
melanin,मेलानिन,मेलनीनिन
pranit,प्रनीत,प्रणणित
prapaat,प्रपात,प्रपाता
jwaron,ज्वारों,ज्वारों
yatn,यत्न,त्यंट
jaanam,जानम,मनामम
dirham,दिरहम,दीरहहम
deshkal,देशकाल,देशकाल
abantit,आबंटित,बांतित
pidiyaa,पीडिया,पिदिया
neg,नेग,गेगन
kabr,कब्र,ब्रबर
parishad,परिषद,शीषदद
landal,लेंडल,दंडल
bella,बैला,लेलला
apardarshi,अपारदर्शी,अपरदर्शी
raghavan,राघवन,रघावन
aapka,आपका,कपका
munnu,मुन्नू,न्ननुनु
patakshep,पटाक्षेप,पतक्षेपषप
ankit,अंकित,किटित
farukhnagar,फर्रूखनगर,फरूखनागर
broke,ब्रोक,ब्रोक्
dolne,डोलने,डॉलने
tarashe,तराशे,तराशेश
prapt,प्राप्त,प्पत्पत
dipika,दीपिका,दीपिका
vayna,वायना,वायनना
sarguja,सरगुजा,सरगुजजज
amanati,अमानती,अमानती
shervasiyon,शहरवासियों,शेरवासियों
pakshapat,पक्षपात,क्षापत्प
vaimanasy,वैमनस्य,वैमननस्य
brigatn,ब्रिगटन,बृगतत्त
prativaad,प्रतिवाद,प्रतिवादा
raajneetikaran,राजनीतीकरण,राजनीतिकारण
mame,मामे,मेम
naivedh,नैवेद्य,वैदेधध
thitron,थियेटरों,ठित्रों
shrimati,श्रीमति,श्रीमती
sapatey,सपाटे,सपते
mezbaan,मेजबान,मेजबान
faisla,फ़ैसला,फैसलला
khani,खनि,नीनी
bhumi,भूमी,मूमी
falne,फलने,फैलने
chandramaon,चंद्रमाओं,चंद्रमाओं
naagrik,नागारिक,नाग्रिक
datson,डैटसन,डास्टन
raees,रईस,शीसी
chithhi,चिठ्ठी,चिठी
vyavahargat,व्यवहारगत,व्यवहार्गत
aasan,आसान,सानसन
bhoonhon,भौंहों,भूनहों
nanavati,नानावती,नननवती
sipah,सिपाह,सिपहाफ
luxor,लक्सर,लक्सरो
apaardarshi,अपारदर्शी,अपारदर्शी
dhuni,धूनी,नुनी
dhoraji,धोराजी,दोराजी
udaanaa,उड़ाना,उदाना
puranpur,पूरनपुर,पुराणपुर
tension,टेंशन,टेंशन
lagnevaaley,लगनेवाले,लग्नेवाले
ank,अंक,कंंक
mod,मॉड,डडडो
patiya,पटिया,टिया
doonarpur,डूंगरपुर,दूनरपुर
aster,एस्टर,स्टेटर
aahnan,आह्नान,हननन
theinga,ठेंगा,तेंगाग
pharmacy,फार्मेसी,पर्मास्यस
aithan,ऐठन,थान
dhkelate,धकेलते,ढकेलते
convocation,कन्वोकेशन,कनवोकेशन
vesle,वेस्ले,वेसलेल
aaraam,आराम,मामाम
uthaakar,उठाकर,उठाकरक
udharv,ऊर्ध्व,धधरवर्व
dukanon,दुकानों,दुकानों
usi,उसी,सीजऊ
fefada,फेफड़ा,फेफड़ाड
navvadhoo,नववधू,नववाधो
lux,लक्स,लकषुल
velur,वेल्लूर,लेलुरुर
retweet,रीट्वीट,तेरवविटी
mangni,मांगनी,मंग्नी
anukulta,अनुकूलता,अनुकुलता
farhin,फरहीन,फ़हीनी
jaybaan,जयबाण,जयबान
kruger,क्रूगर,ग्रगर
chhupkr,छुपकर,छुपक्र
wasting,वेस्टिंग,स्टिंगिंग
aryama,अर्यमा,र्यममाम
thailee,थैली,लेइली
swaarthparak,स्वार्थपरक,स्वार्थपरक
colan,कोलन,कोलान
pipraa,पिपरा,पिपरा
phoda,फोड़ा,दौड़
jenrick,जेनरिक,जेनरीकक
devisinh,देवीसिंह,देवीसिंह
siyah,सियाह,यियाहि
agashe,आगाशे,अगशशेश
emerald,एमरल्ड,मेरलल्ड
baadhit,बाधित,धािति
lbada,लबादा,बलदादा
pehan,पहन,हानह
tuglaki,तुगलकी,तुगलाकी
uplakshay,उपलक्ष्य,उपलपक्षय
sugamata,सुगमता,सुगमतता
chauk,चौक,कुकच
vivekheen,विवेकहीन,विवेखीनी
bhadkaayaa,भड़काया,भड़काया
dikhayi,दिखायी,दिखाई
jodiyon,जोड़ियों,जोड़ियों
siyaha,सियाह,सियाहा
ranjkatha,रंजकता,रंजकथा
abut,एबट,बुटु
dhandhany,धनधान्य,दंधन्य
prapaaton,प्रपातों,प्रपातों
naraji,नाराजी,नारजीजण
aalochak,आलोचक,आलोचक
jheelon,झीलों,झीलों
dilaye,दिलाये,दिलाए
jatara,जतरा,जतारा
tied,टायर्ड,डेयडी
andrabi,अंद्राबी,अंद्रबीब
ibiza,इबीजा,इबीझज़
vipra,विप्रा,विप्र
sansthita,संस्थिता,संस्थित
mahantam,महानतम,महंनतम
chhuraa,छुरा,छुराड
nirdharit,निर्धारित,निर्धारित
root,रूट,ऊटुर
pakshpaat,पक्षपात,क्षपात
ulahna,उलाहना,उलाहनन
rasyanik,रसायनिक,रस्यानिक
mayorkaa,मयोर्का,मयोरकरा
samvedikaran,संवेदीकरण,संवेदीकरण
aviva,अवीवा,विववा
guan,गुआन,गुआन
gajra,गजरा,गजरर
pujapath,पूजापाठ,पूजापत
ajit,अजित,तितित
jood,जूड,डूडू
tagade,तगड़े,तगड़ेड
perafin,पैराफिन,पेरफीन
barsata,बरसाता,बरसताता
bhisham,भीष्म,भिषम
scandinavia,स्कैंडिनेविया,स्केंडीनवाइविय
melaanin,मेलानिन,मेलानिन
roni,रोनी,रोनीन
narm,नरम,मर्म
rihanna,रिहाना,रिहानना
classen,क्लासें,क्लासेने
paakhandi,पाखंडी,पाखंडी
traip,ट्रैप,प्रैपि
chiththi,चिट्ठी,चिठ्ठीठ
pahnakar,पहनाकर,पहनाकार
brant,भ्रांत,ंतंंत
amitav,अमिताव,मिटववे
isaiyon,ईसाइयों,ईसाईयों
mange,मांगे,जेगे
chhai,छाई,चाईच
gandaki,गंडकी,गंदकीक
dhamm,धम्म,म्मम्
madhura,मढ़ौरा,मधुररा
juban,ज़ुबान,जुबान
phalitartha,फलितार्थ,फलित्रथ
priyamani,प्रियामणि,प्रियमानि
kanika,कणिका,कनिका
akapulko,अकापुल्को,अकापुलकोक
phode,फोड़े,दोड़ेफ
naakaam,नाकाम,नाकाम
karyrat,कार्यरत,क्रीरतता
aapkaa,आपका,आपकाक
nitiyon,नितियों,नीतियों
jerome,जेरोम,जररोमम
huin,हुईं,इनि
khate,खाते,तेते
nineties,नाइनटीज,निनेटीजी
harem,हैरम,मेरमे
takra,टकरा,टकरार
lodi,लोदी,लोडी
chauguni,चौगुनी,चौगुनी
kaasht,काश्त,ष्षट्ष
sirhind,सरहिंद,हिरहींद
sthulata,स्थूलता,स्थुलता
nipatara,निपटारा,निपटारा
ambani,अम्बानी,अमबनी
pierson,पियरसन,पीयर्सन
paranormal,पैरानॉर्मल,परणोरमलम
rehana,रेहाना,रहनना
strocks,स्ट्रोक्स,स्ट्रोक्सक
sarahi,सराही,सारहीी
sanchayan,संचयन,संचायन
fawaare,फव्वारे,फवारे
janganana,जनगणना,जंगननान
sate,सते,तेते
bekabu,बेकाबू,बेकबूबु
jvar,ज्वार,वररव
anant,अनंत,ंंतंं
tantra,तंत्र,तंत्र
emelon,ईमेलों,एमेलोन
paneer,पनीर,रीयरी
jeevraaj,जीवराज,जीवराज
kush,कुश,शुशश
soond,सूंड़,डंडंड
nega,नेग,गेगग
aayojak,आयोजक,आयोजक
upadrawon,उपद्रवों,उपद्रवों
paathyakram,पाठ्यक्रम,पथठ्यक्रम
falibhut,फलीभूत,फलिभूत
gosvaami,गोस्वामी,गोस्वामी
chaudah,चौड़ा,चौड़हा
roots,रूट्स,स्टस्ट
aagah,आग़ा,घाहाघ
lebalon,लेबलों,लेबलोन
kalighat,कालीघाट,लिघ्घट
unthak,अनथक,ठंठक
oxy,ऑक्सी,क्षसीस
mul,मूल,मुलू
achhanera,अछनेरा,अछानेरा
haan,हां,हान
bule,बुले,लूलेब
mahkane,महकने,महकाने
alankar,अलंकार,लंकर
kasara,कसारा,कसरर
vadali,वडाली,वदाली
jipani,जीपनी,जिपनी
aavrittiyon,आवृत्तियों,आवृत्तियों
ashriton,आश्रितों,श्रृतिओं
aliens,एलियंस,एलिंस
samanjasy,सामंजस्य,समानजस्यस
shaao,शाओ,ओओओष
destination,डेस्टिनेशन,डेस्टिनेशन
mold,मोल्ड,डल्डलम
warrior,वारियर्स,रायोररर
coldvel,काल्डवेल,कोल्डवेल
superhit,सुपरहिट,सुपहरिति
mariya,मारिया,मियिया
thaanvi,थानवी,तानवी
naxaliyon,नक्सलियों,नैकल्यियों
lata,लाता,लतताल
formuley,फार्मूले,फोर्मूले
veronica,वेरोनिका,वर्ोनिका
aajmana,आजमाना,आजमाना
ambaani,अंबानी,अमबानी
swikarte,स्वीकारते,स्वीकारते
dang,दंग,गंगं
anyay,अन्याय,यणययय
praharak,प्रहारक,प्रहराकर
visheshadhikar,विशेषाधिकार,विशेषाधिकार
utane,उतने,उताने
maang,मांग,गंगमम
rushikul,ऋषिकुल,ऋषिकुलु
najim,नजीम,मनजिम
saltnat,सल्तनत,सलतनात
belcha,बेलचा,बेलचचा
pushpaa,पुष्पा,पुष्पाप
sachhidanand,सच्चिदानंद,सच्चिदानंद
tyohaar,त्यौहार,त्योहारा
bhav,बहाव,भवभभभ
dabhra,डभरा,दभरभा
jiniva,जिनीवा,जिनिव्व
consultant,कंसलटेंट,कंसलटेंट
bosaan,बोसान,बोस्ने
trangistor,ट्रांजिस्टर,ट्रांजिस्टोर
khaate,खाते,ताते
ishara,इशारा,ईशररार
bahawalpur,बहावलपुर,बहवाल्पुर
grenite,ग्रेनाइट,ग्रेनिटे
sandhan,संधान,धंधन
aarushi,आरुषि,आरूषि
sarganaon,सरगनाओं,सरग्णाओं
tarkvad,तर्कवाद,टर्कवाद
gandki,गंडकी,गंदकीक
peg,पेग,गेपप
sawal,सवाल,लालवस
tapakti,टपकती,तपकती
azhar,अजहर,रहरह
bhrantiyon,भ्रांतियों,भ्रांतियों
heroes,हीरोज,हेरोइज
should,शुड,लौलद
jud,जूड,दूदू
mejban,मेज़बान,मेजबान
vlad,व्लाद,लवडड़
aadharit,आधारित,धधरित
dikhai,दिखाईं,दिखाई
tranjister,ट्रांजिस्टर,ट्रांजिस्टर
tahkhaana,तहखाना,तहखानान
pahan,पहन,हानह
amod,आमोद,डोडोड
bandej,बैंडेज,दंडेज़
nikalni,निकालनी,निकलनी
dhankuber,धनकुबेर,दंकुबेबर
shetron,क्षेत्रों,शेट्रों
siddhvat,सिद्धवट,सिद्धवतत
thengaa,ठेंगा,ठेंगा
jalvaayu,जलवायु,जलवायुय
emil,एमिल,लिमि
batlaaye,बतलाए,बतलाए
sarhind,सरहिंद,हिंदिंद
aisa,एेसा,ऐसैसऐ
prapaton,प्रपातों,प्रपतों
raji,राजी,जीजी
shaasaka,शासक,शासकक
sheershakon,शीर्षकों,शीर्षकों
marvad,मारवाड़,मर्वदा
race,रेस,सेसर
jinon,जीनों,निनोनो
dhaagaa,धागा,दागाग
pathshalayen,पाठशालाएं,पठशालयें
pythogaras,पाइथागोरस,प्थिगोगरस
friendship,फ्रेंडशिप,फ्रेंदशीप
nandanvan,नंदनवन,नंदनवान
manga,मांगा,गंगाम
advaitvaad,अद्वैतवाद,अद्वैत्वदा
cavalry,कैवेलरी,केवलरी
emi,एमी,मीमी
bijak,बीजक,बिजक
orian,ओरियन,रियाणि
sanskritiyan,संस्कृतियां,संस्कृतियां
taoo,टाऊ,ऊओऊट
sat,सत,सतत
gammat,गम्मत,गममतम
dabhoi,डभोई,दभभूई
bawara,बावरा,बावरर
nikalani,निकालनी,निकलनी
vadiyon,वादियों,वादियों
benvar,बेंवर,वेंवरव
martha,मार्था,मृथ्थ
doordarshan,दूरदर्शन,दूरदर्शन
pilot,पायलट,पीलोटो
jamaati,जमाती,जमाती
thaili,थैली,लीली
nichala,निचला,निचला
mud,मूड,मुडु
labelling,लेबलिंग,लेबििंग
lenewali,लेनेवाली,लेनेवाली
marathi,मराठी,मृथी
matthe,मत्थे,मत्थे
tanjavur,तंजावुर,तंजववुरु
prashaasanik,प्रशासनिक,प्रशासननिक
naivegh,नैवेद्य,वैवेघघ
neelagaay,नीलगाय,नीलगाय
de,डीई,डददद
praakkathan,प्राक्कथन,प्राक्थान
sipahi,सिपाही,सिपही
aradas,अरदास,दरदास
avasthaayen,अवस्थाएं,अवस्थाएं
shaasakon,शासकों,शासकों
pintaa,पिंटा,पिंता
tughlakabad,तुगलकाबाद,गुल्काबड़
blosam,ब्लॉसम,ब्लोसमम
putliyan,पुतलियां,पुटलियां
lendal,लेंडल,देंदल
welwet,वेलवेट,लेवलेत
manchiy,मंचीय,मांचिय
theaters,थियेटर्स,टीटर्स्
yariyan,यारियां,यारियनिय
chillane,चिल्लाने,चिलेने
suljhai,सुलझाई,सुलझाई
kabaddi,कबड्डी,कबड़ी
awaru,अवरु,रुरूर
semin,सेमिन,सेमिन
association,एसोसिएशन,एसोसियेशन
parikalpit,परिकल्पित,परिकल्पित
jenner,जेनर,नेनरन
chupaty,चौपाटी,चुपटत्य
junagarh,जूनागढ,जूनागढ़
amarpaal,अमरपाल,रामपारा
muhavre,मुहावरे,मुहावरे
allergic,एलर्जिक,लार्गिक
gayen,गाएं,एेंे
shararat,शरारत,सरारतत
anhoni,अनहोनी,अंहोनीन
aadaan,आदान,आड़ान
gaumukh,गौमुख,गौमुखख
multai,मुल्ताई,मूलताई
kardhe,करघे,दर्धे
satpal,सतपाल,प्पल
varsaache,वर्साचे,वर्साचे
tambe,तांबे,टंबेब
naukri,नोकरी,नौकरी
nabja,नब्ज़,नब्ज
mahanatam,महानतम,महानतम
swiftlet,स्विफ्टलेट,स्विफ्टलेट
dhaatuein,धातुएं,धातुएं
scanning,स्कैनिंग,स्केनिंगि
poonjikaran,पूंजीकरण,पूंजीकरण
arymaa,अर्यमा,रियमाा
bahrupiya,बहरूपिया,बहरूपीय
nihlaani,निहलानी,निह्लानी
cric,क्रिक,क्रिक
saima,साइमा,मिमामस
rambharose,रामभरोसे,रामभरोसे
asmanye,असमान्य,असमानय
sudhargruh,सुधारगृह,सुधारग्रु
aasaan,आसान,सान
ghummakkadon,घुमक्कड़ों,घुम्मक्कदों
manchon,मंचों,मांचों
rahegi,रहेगी,रहेगी
baadhaaon,बाधाओं,बाधाओं
tani,तनी,नी
bechate,बेचते,बेचते
bharane,भरने,बराने
sayara,सायरा,सयारार
talve,तलवे,वलवेव
endometrial,एंडोमेट्रियल,एंडोमीट्रियल
colorado,कोलोराडो,कोरोडोडो
asi,एएसआई,सीससआस
thakkr,ठक्कर,क्रकक्
budvig,बुडविग,बड़विग्
ligar,लिगर,लिगर
favvaron,फव्वारों,फवववरों
matsyendranath,मत्स्येंद्रनाथ,मत्सेन्द्रान
kolorado,कोलोराडो,कोलोरडोडो
seti,सेटी,तेीटी
risaney,रिसने,रिसने
enzyme,एंजाइम,एंज्यमम
chhe,छै,छेच
choro,चोरों,कोरोड़
artha,अर्थ,रथथा
joddta,जोड़ता,जोड़ता
shrabon,शराबों,श्रबों
dridh,दृढ़,धिधधध
dak,डाक,दददद
najriyon,नजरियों,नजरियों
tapmano,तापमानों,तपमानों
bediyan,बेड़ियां,बेडियां
pide,पाइड,देदे
warriors,वारियर्स,रारियर्सर
thanvi,थानवी,त्वनीव
hindon,हिंडन,हिंदों
adhiik,अधीक,इीकिक
naamo,नामो,मोमोम
chhuree,छुरी,रूचरी
pendulum,पेंडुलम,पेंडुलम
mang,मांग,मंगंघ
avsthaen,अवस्थाएं,आवस्थाएं
kshetron,क्षेत्रों,क्षेत्रों
girati,गिरती,गिरती
kiratpur,कीरतपुर,किरतपुरु
jorhta,जोड़ता,जोड़ता
bhairo,भैरो,रियोर
mardanagi,मर्दानगी,मर्दानगी
ret,रेत,रेतर
munafa,मुनाफा,मुनफाफफ
vasharan,वर्शन,वारहार
yaari,यारी,यारी
darate,डराते,दरतेते
barpaya,बरपाया,बरपायाय
cutlery,कटलरी,क्लेटर
reson,रेसों,रेसों
sapne,सपने,सपनेन
rapping,रैपिंग,प्पिंगि
hamala,हमला,हमलाल
gandha,गंध,गंधा
fortis,फोर्टिस,फोर्टिसि
chhallaa,छल्ला,छल्ला
pam,पैम,पपपष
hijbul,हिजबुल,हिजबुल
dhokebaj,धोखेबाज,धोकेबाज
dewey,डेवी,देवेय
piyegaa,पिएगा,पिएगाग
raubadar,रौबदार,रौबदर
gopichand,गोपीचंद,गोपीचंद
fagua,फगुआ,फगुआग
vaan,वाण,वानव
kathfodve,कठफोड़वे,कठफोड़वेव
thumari,ठुमरी,तूमरी
stan,स्टैन,सातन
niptaaraa,निपटारा,निपटारा
chakshu,चक्षु,क्षुशु
nanhein,नन्हें,ननहें
chhaati,छाती,छाती
mainan,मैनन,मैननन
udaan,उड़ान,उदानाऊ
bhara,भरा,रारा
karur,करूर,रूरुर
harpal,हरपाल,परपलपा
rasad,रसद,दरसद
libration,लिब्रेशन,लाइब्रेशन
qazi,काजी,जीजी
anand,आनद,ंंदं
bharne,भरने,बर्नन
dhasmana,धस्माना,धस्मनान
bhartnatyam,भरतनाट्यम्,भारतन्त्यम
kamraj,कामराज,रममाराज
sataane,सताने,सताने
chachaji,चाचाजी,चचाजी
vastavik,वास्तविक,वास्तविक
pendulam,पेंडुलम,पेंदुलम
england,इंग्लैंड,एंग्लैंड
badhaaon,बाधाओं,बढ़ाओं
verbal,वर्बल,बरबलबल
chkkar,चक्कर,क्कारक
damale,दामले,दमलेल
nakam,नाकाम,मकमा
bapa,बापा,पपपपभ
advaitwad,अद्वैतवाद,अद्वैत्वदा
anik,अनिक,किकिण
dhari,धारी,री
bahavalpur,बहावलपुर,बहवाल्पुर
chor,चोर,चौरच
ballistic,बैलिस्टिक,बलिस्टिक
vellur,वेल्लूर,लेलरुलर
bagali,बागली,बगली
bk,बीके,बबबबभ
davidson,डेविडसन,डाविड्सन
save,सेव,वेवे
shaniwar,शनिवार,शननविवा
jue,जुए,जूएज
tanta,तांता,तंतततत
rangate,रंगते,रंगते
batalvi,बटालवी,बतलवीव
bramad,बरामद,र्मादम
kamzor,कमज़ोर,मजमोरोर
daisy,डेजी,सिज्य
purane,पुराने,पुराने
pale,पले,लेलप
leedaron,लीडरों,लीदारों
balti,बाल्टी,बलती
aayenge,आयेंगे,आएंगेग
bombi,बांबी,बंबीब
agvaai,अगवाई,गंवाई
sthiti,स्तिथि,स्थिति
paim,पैम,पैमै
jean,जीन,निएन
corridor,कोरिडोर,कोरिडोरो
lajjalu,लज्जालु,लज्जलुल
isayiyon,ईसाइयों,ईसाईयों
nehara,नेहरा,नेहरार
datsun,डैटसन,दत्सून
faisala,फ़ैसला,फैसलला
prakshepak,प्रक्षेपक,प्रक्षेपक
prathmik,प्राथमिक,प्राथमीकि
tse,त्से,सेसटट
taste,टेस्ट,टस्टेट
pehni,पहनी,नीनी
antmurkh,अंतर्मुख,अंतमुर्ख
agyaat,अज्ञात,ज्ञातात
sutali,सुतली,सूटली
pigs,पिग्स,गिस्ग
bikherati,बिखेरती,बिखेरती
vikalpon,विकल्पों,विकल्पों
taboo,टैबू,बोबूब
harijan,हरिजन,हरिजन
jing,जिंग,गंग
brajesh,ब्रजेश,ब्रजेशश
taantaa,तांता,टांटता
ukranian,यूक्रेनियन,उक्रानियन
bhagaane,भगाने,भगगाने
boriwali,बोरीवली,बोरिवाली
bewakoofaanaa,बेवकूफाना,बेवकूफना
khajraana,खजराना,खजरानान
sanasthita,संस्थिता,सनस्थित
vritton,वृत्तों,वृत्तों
nori,नोरी,री
taobao,टैबू,टाबोओ
julahon,जुलाहों,जुलाहों
navdha,नवधा,नवधाध
maangi,मांगी,मांगी
ashaktataa,अशक्तता,अश्कता
daaw,दाव,दावव
punjabiyon,पंजाबियों,पुंजबियों
maule,मौले,लौले
aryon,आर्यों,योयोनों
fansi,फांसी,फैंसी
bounceron,बाउंसरों,बाउंसरों
sharmana,शर्माना,शर्मनान
maryokar,मयोर्का,मर्योकार
chandrabali,चंद्रबली,चंद्रबली
nikhari,निखरी,निखरी
maurya,मौर्यों,रोय्या
khurapka,खुरपका,खुरपक्र
vershan,वर्शन,वर्षण
antony,एंटोनी,टंटोनी
sierra,सिएरा,सियररा
khaaskar,ख़ासकर,खासकार
chlenge,चलेंगे,चलेंगे
flynn,फ्लिन,फ्लिनन
darjanon,दर्जनों,दर्जनों
nauvahan,नौवहन,नौवहान
ovum,ओवम,मुवम
granthiyon,ग्रंथियों,ग्रंथियों
singer,सिंगार,गेंजर
vyatit,व्यतीत,व्यातित
advivas,अधिवास,द्वविवा
biji,बिजी,जीजी
shamitabh,शमिताभ,समीतभभ
vigyan,विज्ञान,विज्ञान
module,मॉड्यूल,मोडुले
kagaz,कागज़,गाज़ग
maanga,मांगा,मंगग
hasino,हसीनों,शाइनोनन
samitiyan,समितियां,समितियां
kathor,कठोर,ठोडोर
deepan,दीपन,दीपान
luis,लुईस,सिसिस
ghise,घिसे,सेसेस
virchand,वीरचंद,रिचंदं
suljaayi,सुलझाई,सुल्जाई
ambani,अंबानी,अमबनी
amanth,अमानत,ंठमंथ
naasar,नासर,सासरस
korola,कोरोला,कोरोलला
avru,अवरु,रुरुर
rotation,रोटेशन,रोटेशन
janagananaa,जनगणना,जनगननान
tadipaar,तड़ीपार,तदीपार
jobs,जॉब्स,बसबसबस
agsta,अगस्ता,अग्सत्त
sapaat,सपाट,पातत
follow,फ़ॉलो,फोलोओल
dolane,डोलने,डोलने
girti,गिरती,गिरती
conjunction,कंजंक्शन,कंजुंक्शन
mop,माप,ओपोओ
aviral,अविरल,रीवालर
bhabhut,भभूत,भूतुत
vaigyanik,वैज्ञानिक,वैज्ञनिक
rhamat,रहमत,रहमतम
lakshy,लक्ष्य,लक्ष्यश
gypsy,जिप्सी,जिप्सीस
amargad,अमरगढ़,अमरगदगढ
salib,सलीब,बीबीब
langdon,लैंगडन,लंगडों
longoval,लोंगोवाल,लंगोवल
prashikshu,प्रशिक्षु,प्रशिक्षुष
basil,बेसिल,लिल
jankaron,जानकारों,जानकरों
ulemaon,उलेमाओं,उलेमाओं
patwari,पटवारी,पतवारी
gadadhar,गदाधर,गद्धरध
uplabdhiyon,उपलब्धियों,उपलाब्धियों
haani,हानी,निनी
chatushkoniy,चतुष्कोणीय,चतुश्कोणीय
vibram,विभ्रम,विब्रहम
phalibhoot,फलीभूत,फलिभूत
watanukoollan,वातानुकूलन,वाटनुकूलल
blossom,ब्लॉसम,ब्लॉसमो
khoikhoi,खोईखोई,खोइखोई
gaye,गए,एे
dadari,दादरी,दाडरी
aawajen,आवाज़ें,आवाजें
neco,नेको,कोको
mysore,मैसोर,मिसोर
rate,रेट,तेते
putli,पुतली,पुटली
sk,एसके,स्क्ष
pharmon,फार्मों,पर्मों
bhulataa,भूलता,भूलता
scootaron,स्कूटरों,स्कूटरों
jaine,जैने,नेने
karta,कटरा,कतत्त
crick,क्रिक,क्रिकक
audyogikikaran,औद्योगिकरण,औद्योगिकारण
prathamik,प्राथमिक,प्रथथमिक
privacy,प्राइवेसी,प्रिवैस्य
masse,मस्से,मासेसम
jatiyon,जातियों,जातियों
teji,तेजी,जेजीज
lakir,लकीर,किरिक
jeeyo,जीयो,योयोय
kuposhit,कुपोषित,कुपोषित
thanjavur,तंजावुर,तंजववुरु
laati,लाती,लाती
punchang,पंचांग,ंचंगं
sarahind,सरहिंद,हारिंदि
jeevniyaan,जीवनियां,जीवनियां
ashariri,अशरीरी,अशरीरी
dhoraaji,धोराजी,धोराजी
ashvtth,अश्वत्थ,श्वत्थथथ
sealed,सील्ड,लेदेेस
kathore,कठोर,कठोरे
ghongha,घोंघा,गोंघाघ
parloron,पार्लरों,परलोरों
ail,ऐल,ऐऐऐ
ghost,घोस्ट,सोस्टस
chhetr,छेत्र,तेत्रत
premlata,प्रेमलता,प्रेमलता
nilabh,नीलाभ,नीलभभ
sayan,सायं,याणा
dum,डम,धुम
mogali,मोगली,मोगली
panaamaa,पनामा,पनामा
ghisai,घिसाई,गिसैई
solitaire,सोलिटेयर,सोलिटेयर
ginee,जिनी,निनीी
kamottejna,कामोत्तेजना,कामोत्तेना
dhandhon,धंधों,धंधों
vitthal,विट्ठल,वित्थल
jamati,जमाती,जमती
sahrawat,सहरावत,हारावतत
najarandaaz,नजरंदाज,नजरअंदाज
mhavidya,महाविद्या,महाविद्य
parwa,परवा,वर्वव
sanjeevan,संजीवन,संजीवन
reasonal,रीजनल,रिसोना
pranon,प्राणों,प्रणों
bhogatey,भोगते,बोगते
hafate,हांफते,हाफटेट
mega,मेगा,गेगगग
spear,स्पीयर,प्पियर
dhrupad,ध्रुपद,दृपदद
mhajan,महाजन,महाजन
pathyakramon,पाठ्यक्रमों,पाठ्यक्रमों
pes,पेस,पेपप
karykartaon,कार्यकर्ताओं,कार्यकारताओं
badam,बदाम,मड़म
ruby,रुबी,बीबीर
creg,क्रेग,गेगेगर
hoshangabad,होशंगाबाद,होशांगबाड़
ilaj,इलाज,लाजाल
iris,आईरिस,सिसिसि
chandon,चंदों,चंदों
dramen,ड्रामे,ड्रामें
pahnaakar,पहनाकर,पहनाकर
shat,षट्,षषटश
abhishap,अभिशाप,भभिषपष
fawaaron,फव्वारों,फवारों
pruf,प्रूफ,फफरफफर
usak,उसक,कषक
rugan,रुग्ण,गृगण
awaazen,आवाज़ें,आवाजें
siyasi,सियासी,सियससीस
samalakha,समालखा,समलाखाख
nayak,नायक,यायका
poojapath,पूजापाठ,पूजापत
legaa,लेगा,लेगाा
sevakon,सेवकों,सेवकों
taaza,ताजा,तजाजा
adhyayanrat,अध्ययनरत,अध्य्यनर्
pisaai,पिसाई,पिसाई
jardaa,जर्दा,दर्दा
amadan,आमदन,आमड़न
avi,अवि,वीव
sanyojanon,संयोजनों,संयोजनों
bhurbhura,भुरभुरा,भूरभूर
bagiyon,बागियों,बगगियों
billaa,बिल्ला,बिलाल
baagiyon,बागियों,बागीयों
zawar,जावर,वारवा
pharse,फरसे,सर्स
taahi,ताहि,हीी
bhate,भाते,तेते
sanskrit,संस्कृत,संस्कृत
maulaviyon,मौलवियों,मौलवियों
padhata,पढ़ाता,पढ़तता
vansh,वंश,शंशं
chaupal,चौपाल,पापला
prastavon,प्रस्तावों,प्रस्तवों
jaljale,ज़लज़ले,जलजले
namankano,नामांकनों,नमानकनों
sthool,स्थूल,थूलू
spell,स्पेल,प्लेल
sanskrutiyon,संस्कृतियों,संस्कृतियों
bokaro,बोकारो,बोकरों
aise,ऐसे,सेसऐ
kaku,काकू,कुककक
pitaamaha,पितामह,पितामहह
jerusalem,येरुशलम,जरूसलेम
dhyeyavaadi,ध्येयवादी,ध्य्यवादी
dangerous,डेंजरस,गंगेरूस
piki,पिकी,कीकी
anuprayogon,अनुप्रयोगों,अनुप्रयोगों
rasaayanik,रसायनिक,रसायनीक
pharth,फर्थ,थथथठफ
ludhkate,लुढ़कते,लुढ़कते
asamanjasya,असामंजस्य,असमानज्यस्
haarjeet,हारजीत,हार्जीत
ankhon,अंकों,कंखों
wonder,वंडर,दारदे
ghisi,घिसी,सिसीस
jalgti,जलगति,जलगती
akhet,आखेट,तेत्त
cute,क्यूट,कटट
veerchand,वीरचंद,वीरचंद
dhonaa,धोना,ढोना
dhuriyaa,धुरिया,धुरिया
mausa,मौसा,मौससस
kahne,कहने,नखने
gazipur,गाजीपुर,गजजीपुरु
aadhin,आधीन,निनी
chikitsak,चिकित्सक,चिकित्सक
dalbadal,दलबदल,दलबदलद
hanfte,हांफते,हैंटफी
khinchakar,खिंचकर,खिंचकका
pharase,फरसे,प्रास
harvansh,हरवंश,हरवंशश
chuka,चौका,कुकक
item,आइटम,टीटमे
tennis,टेनिस,नेंशीश
atkata,अटकता,तकततता
nihaalchand,निहालचंद,निहालचंद
najariyon,नजरियों,नज़रियों
sabhaen,सभाएं,सभाएं
bhraanti,भ्रांति,भ्रांती
version,वर्शन,वर्सिय
jalbhraav,जलभराव,जलभराव
samadhiyon,समाधियों,समाधियों
grandson,ग्रैंडसन,ग्रैंडसों
wicket,विकेट,किकटेक
saparivaar,सपरिवार,सपरिवार
mukarte,मुकरते,मुकारते
ladte,लड़ते,लड़ते
bowling,बाउलिंग,लविंगल
vaigyaanik,वैज्ञानिक,वैज्ञानिक
agr,अग्र,गग्रग
dhundhta,ढूंढता,दूंधता
vaigyanikta,वैज्ञानिकता,वैज्ञनिकता
anureet,अनुरीत,रुरीत
gomke,गोमके,गोमके
radical,रैडिकल,रेडिकल
bangbhang,बंगभंग,बंगभंग
shooting,शुटिंग,टूंगिंश
devisingh,देवीसिंह,देवीसिंह
vaitravati,वैत्रवती,वैत्रवती
dhundhi,ढूंढी,धुंधि
kaushambi,कौशाम्बी,काष्मबीबी
kalmein,कलमें,कल्में
chahunaur,चहुंओर,चहुनौरौ
arica,एरिका,क्रिका
teeron,तीरों,टीरों
chowk,चौक,कककछ
ryan,रयान,याणयन
keynote,कीनोट,कीनोटी
charts,चार्ट्स,ट्रस्ट
parnel,पार्नेल,नरेेल
ethhan,ऐठन,हथहन
fransisko,फ्रांसिस्को,फ्रांसिस्कोस
anawashyak,अनावश्यक,अनावश्यक
char,चार,चचकछ
bahav,बहाव,भावहव
lalpur,लालपुर,ललपुरु
tuglak,तुगलक,तुगलक
reshey,रेशे,शेषेश
bisavan,बीसवां,बिसववन
achivement,अचीवमेंट,चिवेमें
faaf,फाफ,फफफफ
tungnath,तुंगनाथ,तूंगनथथ
naraingarh,नारायणगढ़,नारंगढ़
slides,स्लाइड्स,स्लाइडेस
bhrant,भ्रांत,ंतंंतभभ
sanchaari,संचारी,संचारी
beemon,बीमों,बीमोन
guman,गुमान,गुमान
mem,मेम,मेमम
tughlaqabad,तुगलकाबाद,तुगलकाबद
nominate,नॉमिनेट,नोमिनेटी
jin,जीन,झिनि
purvabhas,पूर्वाभास,पूर्वभासभस
asvabhavik,अस्वभाविक,अस्वभाविक
bagd,बगड़,गड्ग
haldi,हल्दी,हल्डी
upneta,उपनेता,उपनेतता
lakshya,लक्ष्य,लक्ष्य
sweet,स्वीट,वीतित
barrackpore,बैरकपुर,बार्कपोर
naksalwad,नक्सलवाद,नक्सलवादा
chhaviyaan,छवियाँ,छावियां
charton,चार्टों,क्रतों
fisla,फिसला,फिस्ल
subhaay,सुभाय,सभभाय
pushpa,पुष्पा,पुष्पप
tapkati,टपकती,तपकती
sahooliyata,सहूलियत,सहूलियता
aakhet,आखेट,तेत्त
padamawati,पदमावती,पदमावती
rasaayanon,रसायनों,रसायनों
upadraviyon,उपद्रवियों,उपाद्रवियों
manzil,मंजिल,जिनिलि
ahirauli,अहिरौली,अहिरौली
saptkraanti,सप्तक्रांति,सप्तकृंती
sitaram,सीताराम,सितारम
rakhe,राखे,केखेख
heeraganj,हीरागंज,हीरागंज
badhotri,बढ़ोतरी,बढ़ोत्री
mtech,एमटेक,केचकचे
hadauti,हाड़ौती,हडौती
emily,एमिल,लिमिल
taza,ताजा,जाजात
wangchuk,वांगचुक,वांगचुक
shavakon,शावकों,शवाकों
vadak,वादक,दाकाद
phus,फूस,फूपु
malar,मलार,लरलाम
ekaee,इकाई,केकई
arya,आर्यों,र्या
chanval,चांवल,वंनलवा
swarthparak,स्वार्थपरक,स्वर्थपारक
algavwaadi,अलगाववादी,अल्गववादी
peetne,पीटने,पीतनेन
yarushalem,यरूशलेम,यृशुलेम
jagruti,जागृति,जगरूती
fabti,फब्ती,फ़ती
agnat,अज्ञात,ग्ञानतत
kacche,कच्चे,चच्चे
parwaa,परवा,वरवा
farrukhabad,फर्रुखाबाद,फररूखबदबा
ishaaq,इशाक,इशाका
rak,राक,रर््
laingikta,लैंगिकता,लैंगिकता
namdhari,नामधारी,नमधारी
sund,सूंड़,डंडंडस
harpaal,हरपाल,परपाल
baila,बैला,लैला
sanghanit,संघनित,संघनीत
welder,वेल्डर,देलदेर
phogat,फोगाट,गोगत
ritual,रिचुअल,ऋतुअल
joki,जोकि,कोकी
bhariy,भारीय,रियियभ
da,दा,दड़
vartmaan,वर्तमान,वर्तमान
harawal,हरावल,हरावलल
gthalidar,गुठलीदार,गठलीदार
sambhalne,संभालने,संभालने
chausingha,चौसिंगा,चौसिंहा
lapetne,लपेटने,लपेटने
chabutre,चबूतरे,चबुत्रे
khajarana,खजराना,खजरराना
kaping,कपिंग,ंपिंग
unatees,उनतीस,उनाटीस
gajipur,गाजीपुर,गजीपुरु
khanikarma,खनिकर्म,खानिक्रम
ruganta,रुग्णता,रुगंता
baku,बाकू,कुबबब
chunar,चूनर,चुनार
route,रूट,रुटी
sarka,सरका,क्रका
mukhopadhyaya,मुखोपाध्याय,मुखोपड्यय
prtigyaa,प्रतिज्ञा,प्रतिज्ञा
melaghaat,मेलघाट,मेलगाहट
bikaneri,बीकानेरी,बिकनेरी
jayalalitaa,जयललिता,जयललिता
rakhna,रखना,रखना
iaan,इआन,नाया
bhooli,भूली,लूलीभ
raubdar,रौबदार,रौबदर
jasper,जैस्पर,प्परेपर
kanblon,कंबलों,कंबलों
helper,हेल्पर,हेलपरेप
ghodi,घोड़ी,दोड़ीघ
bhuswami,भूस्वामी,भूस्वामी
shanghai,शंघाई,शंघाई
niveshakartaa,निवेशकर्ता,निवेशकर्ता
agra,अग्र,ग्रगा
bagh,बाग,घघघभ
navaa,नवा,आवाव
jhuthalane,झुठलाने,झुठलाने
email,ईमेल,लेले
tejaji,तेजाजी,तेजाज़ी
shringar,शृंगार,श्रृंगा
dikhayi,दिखाई,दिखाई
mejbaan,मेजबान,मेजबान
zamaanaa,ज़माना,जमाना
haive,हैव,वेवव
shasakon,शासकों,शासकों
main,मैन,मेन
medical,मेडीकल,मेडिकल
manchiya,मंचीय,मांचिय
billa,बिल्ला,बिलललाब
putle,पुतले,पुटलले
shamadan,शमादान,शमदान
takaraon,टकरावों,टकराओं
jodo,जोड़ो,डोडोड़
queens,क्वींस,क्वेंस
lenset,लैंसेट,लेनसेटे
pastry,पेस्ट्री,प्सत्र्य
pakaen,पकाएं,पकाएं
galaxyon,गैलेक्सियों,गलक्स्यों
damoh,दमोह,धोहोह
soccer,सॉकर,स्केस
pulam,पुलम,लुमाम
bakaayon,बकायों,बकायों
bhugol,भूगोल,गुगोलो
dayityon,दायित्वों,दायित्यों
urvarkon,उर्वरकों,उर्वरकों
braat,बरात,ब्रता
attahasa,अट्टहास,अत्थाहस्
yojanaye,योजनाएं,योजनाय
gangrel,गंगरेल,रंगरेे
ukhrool,उखरुल,रखूलू
form,फार्म,मर्मरम
anishwarwadi,अनीश्वरवादी,अनिश्वरवादी
diya,दीया,यायिद
akhand,अखंड,ंखंडं
franciska,फ्रांसिस्का,फ्रांसिस्क
chenkein,छींके,चेंकें
nikhar,निखर,कहरखर
apriyary,अपरिहार्य,रप्रियार्य
aalochakon,आलोचकों,आलोचकों
samprati,संप्रति,संप्रति
data,दाता,दततता
valve,वाल्व,वालवेव
jaawar,जावर,वारवर
pagla,पगला,गगलाल
rojvelt,रुजवेल्ट,रोजवेल्टल
baawaraa,बावरा,बावरार
nokari,नोकरी,नोकरी
baalti,बाल्टी,बालती
rawail,रवैल,वेले
cement,सिमटे,मेंटें
generic,जेनरिक,गेनेरिक
hani,हानी,हिनी
mad,मैड,मडमम
haalchaal,हालचाल,हालचाल
pardesi,परदेसी,प्रदेसी
samprbhuta,संप्रभुता,संप्रभूत
falibhoot,फलीभूत,फलीभूत
wattson,वाटसन,वाट्सन
jitod,जीतोड़,तितोडोड
sinabang,सिनाबंग,सिनांबंग
audhyogikaran,औद्योगिकरण,औध्योगिकरण
khaibar,ख़ैबर,बैबरबर
jhuthala,झुठला,झुठलाल
jockey,जोकि,जॉकी
fuji,फ्यूजी,फूजीजफफ
jayalalithaa,जयललिता,जयललिता
aasteen,आस्तीन,आस्तिनी
praathmikata,प्राथमिकता,प्राथमीकता
wastinghouse,वेस्टिंगहाउस,वास्टिंघोस
ulte,उलटे,लूटे
shantikal,शांतिकाल,संतीकाल
gm,जीएम,गीघमग
saanketika,सांकेतिक,सांकेतिका
putaliyon,पुतलियों,पुटालियों
jwar,ज्वार,वररव
grihnagar,गृहनगर,गृहणागर
dhale,ढले,लेलढ
prathmiki,प्राथमिकी,प्रथथमिकी
kundaliya,कुंडलियाँ,कुंडलीय
judae,जुड़ाई,जुड़ाई
machae,मचाए,चचाईए
dune,दूने,दूने
zarakh,जरख,खाखख
adhyayanarat,अध्ययनरत,अध्य्यनर्
suneyga,सुनेगा,सुनेगाग
supachya,सुपाच्य,सुपच्य
denevaali,देनेवाली,देनेवाली
tennis,टैनिस,नेंशीश
birganj,बीरगंज,बिरगंजं
mahasingh,महासिंह,महासिंह
vaimanya,वैमनस्य,वैम्नय
jhalla,झल्ला,ललला
sohrai,सोहराई,सोहराई
engineer,इंजिनियर,गेनिनियरि
bouni,बौनी,नौनी
shanivar,शनिवार,शनिवार
plane,प्लेन,प्लाने
darawani,डरावनी,दरावनी
racketeer,रैकेटियर,रैकेटियर
ukhrul,उखरुल,रूलूरु
ekthi,इकठ्ठी,केठी
uthen,उठें,ठूं
dwivedi,द्विवेदी,द्विवेदी
flesh,फ्लेश,श्लेश
sdueep,सुदीप,सद्दीप
networking,नेटवर्किग,नेटवर्किंग
chidhate,चिढ़ते,चिढ़ते
dubana,डूबना,दूबननन
udan,उड़ान,उदान
ehsas,एहसास,हेषससस
naxali,नक्सली,नक्लील
putla,पुतला,पुटला
ro,आरओ,ऋर्र
likhkar,लिखकर,लिखकर
saptapadi,सप्तपदी,सपत्पदपी
paramparikta,पारंपरिकता,परंपरिकता
shelling,शेलिंग,लेलिंग
padrauna,पडरौना,पदरौण
dradh,दृढ़,धाधधध
fode,फोड़े,फ़डड़े
dhuan,धुआं,धान
nava,नवा,नवाव
shirshkon,शीर्षकों,शिर्षकों
mauryon,मौर्यों,मौर्यों
tapoowo,टापुओं,पूओवूओट
badhaon,बाधाओं,बढ़ाओं
jhil,झील,झिलझ
aawaazen,आवाज़ें,आवाजें
raajon,राजों,राजों
bhulta,भूलता,बुलता
padhaataa,पढ़ाता,पढ़ता
weeks,वीक्स,क्ष्क्
vaigyaanikta,वैज्ञानिकता,वैज्ञानिकता
anton,एंटोन,टंटों
chhutane,छूटने,छुट्टा
dhandon,धंधों,डंडों
herald,हैराल्ड,रेललल्डल
alive,अलाइव,विलववे
nanhe,नन्हें,नन्हेह
chennai,चेन्नई,चेननाई
end,ऐंठ,डेंड
deepika,दीपिका,दीपिका
bhulo,भूलो,बुलोल
vyagr,व्यग्र,ग्यग्रग
mardangi,मर्दानगी,मर्दांगी
andhapan,अंधापन,अंधपानप
milkiyat,मिल्कियत,मिलकियत
nations,नेशंस,शाइंसन
ekattha,इकट्ठा,इक्टठठा
dilaaye,दिलाये,दिलाए
upabhokta,उपभोक्ता,उपभोक्त
devi,देवी,वेवीव
varenya,वरेण्य,वरेेनय
danpati,दंपति,दंपति
lives,लाइव्स,विवेसे
vytit,व्यतीत,व्यतिति
bageechi,बगीची,बगीची
mhagranth,महाग्रंथ,महाग्रथं
dikhaai,दिखार्इ,दिखाई
menon,मैनन,नेनों
jhalakti,झलकती,झलकती
vishnu,विष्णु,शिन्नुण
khachakhach,खचाखच,खच्छाच
rabin,राबिन,बरीनिन
dharak,धारक,कराका
siddhivat,सिद्धवट,सिद्धिवत
suniti,सुनीति,सुनिति
updraviyon,उपद्रवियों,उपद्रववियों
economic,इकोनोमिक,एकोनोमिक
aloso,अलोंसो,लोसोों
dakhile,दाखिले,दख़िले
composer,कंपोजर,कंपोजर
ramraj,रामराज,रामराज
janahaani,जनहानि,जनहानी
bimon,बीमों,बीमोन
jio,जीयो,जिओजज
vahikayen,वाहिकाएं,वहीकाएं
karvi,कर्वी,वीविक
nagaaraa,नगाड़ा,नगारा
bhranti,भ्रांति,बृणती
samanwayaka,समन्वयक,समानवायक
processing,प्रॉसेसिंग,प्रोसेसिंग
kamaauu,कमाऊ,कमौऊऊ
sims,सिम्स,मसमसमस
brok,ब्रोक,कोरकों
bekaaboo,बेकाबू,बेकाबूब
jajmauu,जाजमऊ,जज्मौऊ
farms,फार्म्स,मर्मसमस
tarabai,ताराबाई,तरबाईब
aesthetics,एस्थेटिक,एस्थेटिक्
prativadi,प्रतिवादी,प्रतिवादी
dikhae,दिखार्इ,दिखाएंड
rajinama,राजीनामा,राजिनामा
pidiya,पीडिया,पिड़िया
chimti,चिमटी,चिमटी
bhola,भोला,बोलाल
nageene,नगीने,नगीनें
masyendranath,मत्स्येंद्रनाथ,मस्येद्रनाथ
ikatthi,इकठ्ठी,इक्ठठी
daanshil,दानशील,दांशिल
maulvidon,मौलवियों,मौलविदों
dukhit,दुखित,क्षिति
mhamantra,महामंत्र,महामंत्र
durniti,दुर्नीति,दूर्णिति
ear,इअर,ययरि
singhre,सिंघाड़े,सिंहरे
trouble,ट्रेबल,ट्रबलबल
wipro,विप्रो,प्विप्र
bhaate,भाते,बाते
registerd,रजिस्टर्ड,रेजिस्टर्ड
aswabhavik,अस्वभाविक,अस्वभाविक
babat,बाबत,बात
naksaliyon,नक्सलियों,नक्सलियों
fatehgadh,फतेहगढ़,फटेहगढ़
haraval,हरावल,हारवाल
palaari,पलारी,पलारी
kiya,किया,यियकि
rehaana,रेहाना,रहहानाण
teer,तीर,दीयर
bhaya,भय,याय
sajja,सज्जा,जज्जज
bechkar,बेचकर,केचक्र
tugalki,तुगलकी,तुगलकी
nano,नैनो,नननोन
swecha,स्वेच्छा,स्वेच्छा
rate,रेत,तेते
pathshalayein,पाठशालाएं,पठशालयें
jeneva,जिनीवा,जेनेवा
vruton,वृत्तों,वृतोतों
bhumika,भूमी,भूमिक
pic,पिक,पिकि
merraige,मैरेज,मर्रेज
chero,चेरो,रोरोड
parikshaen,परीक्षाएं,परिक्षाएं
proof,प्रूफ,फूफफ
rugnata,रुग्णता,रुग्नता
batlaae,बतलाए,बतलाए
nadep,नाडेप,पेपेप
arya,आर्य,र्या
phaaph,फाफ,फफफफ
shaly,शैली,याल्य
uthane,उठने,उठाने
abbaasi,अब्बासी,आब्बासी
gujare,गुजारे,गुजरे
classon,क्लासों,क्लासों
ronaldo,रोनाल्डो,रोनाल्डोड
stithi,स्तिथि,स्टिथी
anuthi,अनूठी,ठूठीठ
takravon,टकरावों,तक्रवों
mahakne,महकने,महकने
kasht,काश्त,ष्टषक
padega,पड़ेगा,पड़ेगा
qasim,कासिम,मिसिमी
alnkaron,अलंकारों,अलंकारों
tirthatan,तीर्थाटन,तिर्थतन
mosad,मोसाद,मोसदसद
kushaan,कुषाण,कुशान
janch,जाँच,चंचच
vinasht,विनष्ट,निष्ट्ष
dhkal,ढकाल,लालकढ
chaudhavan,चौदहवां,चौधवान
himali,हिमाली,हिमली
avuti,आवृत्ति,ववुटी
addon,अड्डों,द्दों
jhuthlane,झुठलाने,झुठलाने
maksad,मक्सद,मकसदस
apvartit,अपवर्तित,वपवर्तित
banbi,बांबी,बंबीब
suba,सूबा,बबबसस
vedon,वेदों,वेदों
najeeb,नजीब,बैजीब
sfoorti,स्फूर्ति,स्फूर्ती
sabmission,सबमिशन,सबमसिशन
hiraganj,हीरागंज,हिरगंजंज
quantico,क्वांटिको,क्वांटिकोश
badlapur,बदलापुर,बदलापुरु
padmawati,पदमावती,पद्मावती
shasak,शासक,साक्स
nun,नून,नुनू
marriage,मैरेज,मररियज
rais,रईस,आईएस
craig,क्रेग,एचेग
fawaara,फव्वारा,फवाररा
latkate,लटकाते,लटकते
mahathir,महाथिर,थाहिरी
sahakalaakar,सहकलाकार,सहकलाकार
mum,मम,ममम
tugalaki,तुगलकी,तुगलकी
longewal,लोंगोवाल,लोंगेवाल
sarsa,सरसा,सरससस
nikalegi,निकलेगी,निकललगीग
atta,आटा,त्त्
prarup,प्रारूप,प्ररूपूर
dhandhe,धंधे,दंधे
catholicon,कैथोलिकों,कैथलिकॉन
roojwelt,रुजवेल्ट,रूजवेल्ट
asan,आसान,सनन
uthapatak,उठापटक,उठापतक
daravani,डरावनी,दरवाणी
varnit,वर्णित,र्णवाइत
aashanka,आशंका,अंशका
dampati,दंपति,दंपति
raidical,रैडिकल,रैडिकल
aamdani,आमदनी,आमदानी
bim,बीम,मिमि
mahavigyan,महाविज्ञान,महाविज्ञान
chhabi,छबि,चबीब
suhagin,सुहागिन,शुहागिनी
lakshmidhar,लक्ष्मीधर,लक्ष्मीधार
maxico,मेक्सिको,मैक्सिकोक
chauki,चौकी,चौकीक
sanskrutiyan,संस्कृतियां,संस्कृतियां
tahakhana,तहखाना,तहखाना
contemporary,कंटेम्पररी,कंटमपोरररी
handiyaa,हंडिया,हंडिया
uniyal,उनियाल,नियल
mhathir,महाथिर,थहाीरी
pardaa,पर्दा,दर्दा
kasarat,कसरत,कसारत
shujaat,शुजात,शुजाता
mejbani,मेज़बानी,मेजबानी
siswa,सिसवा,सिस्वव
sakara,सकरा,सककार
chidhte,चिढ़ते,चिढ़ते
sukhati,सूखती,सूखती
sim,सिम,सीमी
vegyanik,वैज्ञानिक,वेग्यनिक
vaanon,वाणों,वानों
badhayi,बढ़ायी,बढ़ाई
bhaunho,भौंहों,बौनहोह
abhimat,अभिमत,भीमतम
anukoltha,अनुकूलता,अनुकोल्थ
jadeite,जड़ित,जड़ेते
talawon,तलवों,तलावों
eyarve,एयरवे,रर्ववे
lanset,लैंसेट,लासेेट
jassi,जस्सी,सीसीसज
tharti,थर्टी,त्रती
avaigyanik,अवैज्ञानिक,अवैज्ञनिक
around,अराउंड,ंदं
sweta,स्वेता,स्वेतता
saltanat,सल्तनत,सलतनात
vimarsh,विमर्श,विमर्श
sanchar,संचार,चंचार
vigyaanon,विज्ञानों,विज्ञानों
kankar,कंकर,कंकर
savaal,सवाल,आवाला
falata,फलता,फलतात
sambit,संबित,बंबित
chhalla,छल्ला,छल्ला
farookhabad,फर्रुखाबाद,फरूखबाबद
adp,एडीपी,प्पद
bago,बागो,गोगोब
stress,स्ट्रास,स्रेस्सर
gtor,जीतोड़,टोटरोग
chhudaane,छुडाने,छुड़ाने
danga,दंगा,दंगगा
chalit,चालित,टिलिट
lairi,लैरी,लैरी
sarjuga,सरगुजा,स्जुगग
pratigya,प्रतिज्ञा,प्रतिज्ञ
umesh,उमेश,शेषेश
nigar,निगर,गिगर
pammi,पम्मी,मम्मी
vibhram,विभ्रम,विभ्रहम
jenny,जेनी,नेन्य
wrapping,रैपिंग,प्रपिंग
vije,वाइज,जेजेज
sanshyon,संशयों,संश्यों
garibi,गरीबी,गीरबीब
rukte,रुकते,रुक्ते
praneet,प्रनीत,प्रणीत
jaayke,जायके,जायके
claris,क्लेरिस,क्लारिसि
equador,इक्वाडोर,एक्युडोरो
muller,मूलर,लेलरल
aapdaein,आपदाएं,आपदाएं
rasayanik,रासायनिक,रसायनिक
dayitv,दायित्व,दयित्ववि
pushkin,पुश्किन,पुश्किन
nineteez,नाइनटीज,निनेटीजी
kasida,कसीदा,कीदिदा
dhakelte,धकेलते,ढकेलते
stan,स्तन,सातन
harna,हारना,हर्णण
yudhrat,युद्धरत,युद्धरत
niveshkartaa,निवेशकर्ता,निवेशकर्ता
sanskaar,संस्कार,संस्कार
greist,ग्रीस्ट,ज्रेस्टस
ulate,उलटे,उलते
kranj,करंज,ंंजज
devi,डेवी,वेवीव
putale,पुतले,पुतलेल
retreate,रीट्वीट,रेत्रेती
dhaatuyein,धातुएं,धातुयें
dhakal,ढकाल,लालकढ
palari,पलारी,लालरी
gatishil,गतिशील,गतिशीली
balla,बल्ला,बलललाल
bhugat,भुगत,गुगतग
narmi,नरमी,रममी
modules,मॉड्यूल्स,मोडुलेस
sitaharan,सीताहरण,सितहराण
aj,एजे,आजजज
barsaataa,बरसाता,बरसाता
sev,सेव,सेवस
aulakh,औलख,खाखख
duwaidhaayein,दुविधाएं,दुवैधाएं
barat,बरात,रातार
spelar,स्पेलर,स्पेलर
sooja,सूजा,सूजजज
koling,कोलिंग,लोइंगिं
auchity,औचित्य,चिटिटीय
adhiwas,अधिवास,धिविसवा
hilane,हिलने,हिलाने
kriyayog,क्रियायोग,क्रियोगोय
bhavanaon,भावनाओं,भावनाओं
vladimir,व्लादिमीर,व्लादिमिरी
strokes,स्ट्रोक्स,स्ट्रोकेस
lega,लेगा,गेगाग
asphalt,एस्फाल्ट,फ्फलतल
amdi,आमदी,डमडी
kanyayen,कन्याएं,कन्यायें
rasayanika,रसायनिक,रसायनिक
prativad,प्रतिवाद,प्रतिवाद
praroop,प्रारूप,प्राउपूप
jat,जात,जततज
chune,चुने,चुने
baksa,बक्सा,सक्स
khayen,खाएं,एें
sarkaa,सरका,सरका
propellent,प्रोपेलेंट,प्रोपलेंट
chart,चार्ट,रतर्तच
aadheen,आधीन,हैदनी
masaledar,मसालेदार,मसलेदार
gaya,गया,गाया
tantr,तंत्र,त्त्रत
nokri,नोकरी,नोक्री
roopi,रूपी,पूपीप
hamalavar,हमलावर,हमलवरवा
darmiyaan,दरमियान,दर्मियां
bheed,भीड़,दिदीभ
maulviyon,मौलवियों,मौलवियों
dhanadhany,धनधान्य,दृंधन्य
saptpadi,सप्तपदी,सपत्पदी
mode,मॉड,डोडड
racer,रेसर,सरेेर
emrald,एमरल्ड,रममलल्ल
dubhashiyon,दुभाषियों,दुभाषियों
sadanand,सदानंद,सदानंदं
naushad,नौशाद,शौषद
soy,सोय,सॉयो
mamuli,मामूली,मामूली
cateline,कैटलिन,कैटलाइन
abbasi,अब्बासी,आब्सीसी
baljit,बलजीत,बलजीति
istife,इस्तीफे,इस्टीफेफ
surveen,सुरवीन,रूवीनी
iso,आइसो,सोईओइ
sutli,सुतली,सूटली
teekon,टीकों,टीकोणो
advait,अद्वैत,द्वैत
noobiyaa,नूबिया,नूबिया
routine,रूटिंग,राउटिने
khanikarm,खनिकर्म,कनीकर्म
naram,नरम,रामम
salahkaar,सलाहकार,सलाहकार
dhamkata,धमकाता,ढमकता
mahakane,महकने,महाकान
jamaanaa,ज़माना,जमाना
matix,मैट्रिक्स,किक्सिकम
tiron,तीरों,टीरों
patakkar,पटककर,पतक्कर
prema,प्रेमा,रेममाम
yda,यदा,दायद
peratrupers,पैराट्रूपर,पेराट्रपर्स
prahad,प्रह्लाद,प्रहादह
bilai,बिलाई,बिलाई
bhula,भूला,भूला
lenevali,लेनेवाली,लेनेवाली
ishaak,इशाक,आशाका
scooteron,स्कूटरों,स्कूटरों
multae,मुल्ताई,मूलताए
dhokebaz,धोखेबाज,दोकेबाज
neetiyon,नीतियों,नीतियों
deepn,दीपन,पीपन्
thki,थकी,कीकठ
eyer,इअर,ययरई
neta,नेता,नेतात
sargana,सरगना,सरगनान
amarpal,अमरपाल,रामपलपा
vicharakon,विचारकों,विचारकों
noon,नून,नूनऊ
pradarshan,प्रर्दशन,प्रदर्शन
asaamnjsy,असामंजस्य,असामंज्यजस
tirupati,तिरूपति,तिरूपति
oran,ओरण,राण
erica,एरिका,क्रिका
capacitor,कैपेसिटर,कैपिटरों
hijda,हिजड़ा,हिजदड़
gomukh,गौमुख,गोमुखख
tarch,टार्च,चर्चचर
tarfa,तरफा,रफफफफ
sankhyaen,संख्याएं,संख्याएं
ganthe,गांठे,गंठे
varna,वर्ण,र्णरण
katlary,कटलरी,कटलार्
ananti,अनंती,अनांती
sathsath,साथसाथ,सठठाथ
kant,कांट,ंतंंक
kumavat,कुमावत,कुमावटव
mulchand,मूलचंद,लूच्छंद
shrankhala,श्रंखला,श्रृंखला
shubhankar,शुभंकर,शुभंकार
prashasnik,प्रशासनिक,प्रशासनिक
jeremy,जेरेमी,रेममीम
greest,ग्रीस्ट,रीजस्ट्स
scaining,स्कैनिंग,सेकिनिंग
awaazon,आवाज़ों,आवाजों
belacha,बेलचा,बेलचचा
sukhti,सूखती,सूखती
virajati,विराजती,विराजती
bhaskar,भास्कर,भस्कर
jatakon,जातकों,जटाकों
najeem,नजीम,जनीमम
favvara,फव्वारा,फवववरार
prakkathan,प्राक्कथन,प्रक्ाठन
vidyaaon,विद्याओं,विदायाओं
test,टेस्ट,स्टस्स
devidson,डेविडसन,डेविड्सन
besahaaraa,बेसहारा,बेसहारा
adharit,आधारित,धधरित
mhavidyan,महाविज्ञान,महाविद्यान
drame,ड्रामे,मरेम
tyred,टायर्ड,रेडरेड
bhay,भय,भयय
chhekein,छींके,चेकें
ibija,इबीजा,इबिजजा
proud,प्रौढ,दौड़ऊप
gaumutr,गौमूत्र,गौमुत्र
parshdon,पार्षदों,परश्दों
melaani,मेलानी,मेलानी
gic,जीआईसी,किसीगीग
saptakranti,सप्तक्रांति,सप्तकणती
saturday,सेटरडे,सतुर्दा
mango,मांगो,गोंगों
kathai,कत्थई,चाई
sexual,सेक्सुअल,सेक्सुअल
eon,इआन,नोयो
samjhoonga,समझूंगा,समझूंगग
manmarji,मनमर्जी,मनमर्जी
sfc,एसएफसी,एफससफसफ
shmil,शमिल,लिमिल
jagayega,जगाएगा,जगाएगगग
bhengapan,भेंगापन,भेंगपानप
bangsh,बंगश,गंगशश
samahaar,समाहार,समहारह
brahmalin,ब्रह्मलीन,ब्रह्मलीन
barahsinga,बारहसिंगा,बड़हसिंगग
bavji,बावजी,बावजी
avishvaasniy,अविश्वसनीय,अविश्वासनीय
pahlaa,पहला,लहाला
sunaron,सुनारों,सुनारों
nrityon,नृत्यों,नृत्यों
kabron,कब्रों,कबररों
sawaal,सवाल,आवाला
formule,फार्मूले,फोर्मूल
alnkaar,अलंकार,लंकार
duvidhaaen,दुविधाएं,दुविधाएं
fulay,फुलाए,फूलाय
vediyon,वेदियों,वेदियों
laganewale,लगनेवाले,लगानेवाले
brahmlin,ब्रह्मलीन,ब्राह्मलीन
jamaya,जमाया,जायया
anka,अंक,का
murmur,मरमर,मरूमु
janahani,जनहानि,जनहनी
asphault,एस्फाल्ट,फ्पाउल्ट
mohini,मोहिनी,मोहिनीन
winter,विंटर,टिंटर
vimarshon,विमर्शों,विमर्शों
saptari,सप्तरी,सपत्रीर
atthaas,अट्टहास,थठठास
tik,टिक,कित
peaking,पीकिंग,किंगिंप
kankad,कंकर,कंकडड
kaushal,कौशल,शाशहा
langron,लंगरों,लंग्रों
kanindham,कनिंघम,कनिंधम
megapixal,मेगापिक्सल,मेगेपिकल
mahalon,महलों,महालों
udaanon,उड़ानों,उदानों
ebt,एबट,बत्त
slice,स्लाइस,स्लिससस
talabgaar,तलबगार,तलबगार
sanyog,संयुक्त,योगोग
ladaiyon,लड़ाईयों,लड़ाइयों
purvaabhaas,पूर्वाभास,पूर्वाभास
ayodhyanath,अयोध्यानाथ,अयोध्यनाथ
ardas,अरदास,दर्दसद
nagrik,नागारिक,नगरीकि
lidaron,लीडरों,लिडारों
saathsaath,साथसाथ,साठसाथथ
atmaen,आत्माएं,आत्माएं
amuk,अमुक,कुकुष
vatanukulan,वातानुकूलन,वाटनुकुलन
mejbaan,मेज़बान,मेजबान
pages,पेजेज,जेसेसप
swaachaalit,स्वाचालित,स्वचालित
mate,मेट,ते
jaydayal,जयदयाल,जयदयालय
nasim,नसीम,सिमिम
haanfte,हांफते,हान्फटी
beef,बीफ,फीफफ
transfer,ट्रान्सफर,ट्रांसफेर
rajma,राजमां,राजमम
seth,सेथ,ठठठठ
jagaega,जगाएगा,जगाएगग
khinchkar,खींचकर,खिंचकर
aprihary,अपरिहार्य,अपृहर्य
alii,अली,ली
harjeet,हारजीत,ह्जीतित
saajsajja,साजसज्जा,साजसज्जज
kochi,कोच्चि,कोचची
baago,बागो,गागोग
shirshakon,शीर्षकों,शिर्षकों
naxalwaad,नक्सलवाद,नक्लवालाद
chipakne,चिपकने,चिपकने
putul,पुतुल,तुुलुल
brahmleen,ब्रह्मलीन,ब्राह्मलीन
aryo,आर्यो,योयोय
ralhan,रल्हन,रालहन
zubair,जुबेर,जुबैरी
canterbury,कैंटरबरी,कंटरबरी
sanchari,संचारी,संचारी
munshiganj,मुंशीगंज,मुश्नगंज
sprint,स्प्रिट,प्रिंत
raith,रैथ,ठठठठ
furti,फूर्ति,फूर्ती
yugam,युग्म,गुगममग
raakhe,राखे,रखेखे
bala,बाला,लालाब
pigmentation,पिगमेंटेशन,पिग्मेंशन
inhalation,इनहेलेशन,इन्हालेशन
championship,चैंपियनशिप,चंपियंशीप
mhapran,महाप्राण,महाप्रण
damle,दामले,डामले
alaps,ऐल्प्स,पालप्स
jataati,जताती,जताती
maddy,मैडी,द्द्य
sriram,श्रीराम,रिरारमा
ginte,गिनते,तिंटे
shrankhalaa,श्रंखला,श्रृंखला
amadani,आमदनी,अमादनी
shakhayen,शाखाएं,शखाएं
girish,गिरीश,शिरिषि
sanchalanon,संचालनों,संचालों
baani,बानी,नीनीब
ruktey,रुकते,रुक्ते
hostess,होस्टेस,हास्टेस्
dreijer,ड्रेजर,द्रेजरे
torch,टार्च,क्रचर्
reza,रेजा,ज़रजा
time,टाइम,मीमे
bona,बोना,नोनान
khurpaka,खुरपका,खुरपकका
moryon,मौर्यों,मोर्योन
susanskrit,सुसंस्कृत,सुसंस्कृत
paradhin,पराधीन,पराधीनी
canterbari,कैंटरबरी,कंटरबारी
aerobics,एरोबिक,एयोरबिक
hoaf,हॉफ,फाफफ
dhunai,धुनाई,दुनाई
sochane,सोचने,सोचने
bandhte,बांधते,बंधते
shumaali,शुमाली,शुमाली
caitlyn,कैटलिन,कैटलिन
tantro,तंत्रों,तंत्रों
nikalogi,निकलेगी,निकलोगी
shaishav,शैशव,शैशाव
juloos,जूलूस,जुलूसू
buzy,बिजी,जजयञब
poojaapaath,पूजापाठ,पूजापठठ
gutta,गुट्टा,गुट्टत
saman,समन,मानम
tagde,तगड़े,दगड़े
shakir,शाकिर,किरिक्
mauma,मौमा,ममममम
raktabh,रक्ताभ,क्तभाभ
niptaara,निपटारा,निपटारा
aazmaanaa,आजमाना,आजमाना
bantane,बंटने,बंटनें
pravati,प्रवत्ति,प्रवती
vyabhichar,व्यभिचार,व्यभभिचार
chhinke,छींके,निकेक
saja,साजा,जजजसस
kocchi,कोच्चि,कोचछी
ropaney,रोपने,रोपने
massachusetts,मैसाचुसेट्स,मेसाचुसेट्स
maryada,मर्यादा,म्रायदाद
firmian,फर्मिऑन,फर्मियाम
recer,रेसर,सेरेस
biggest,बिगेस्ट,गिगेस्टस
prahlad,प्रह्लाद,राहलादा
devnaar,देवनार,देवनार
kav,काव,ककवख
maharaja,महाराजा,महरहजाजा
bhootal,भूतल,टूटलल
mexico,मेक्सिको,मेक्सिकोक
pilepan,पीलेपन,पिलेपन
panpana,पनपना,पंपनाप
arth,अर्थ,थथथठ
squash,स्क्वाश,स्क्वशशश
sensing,सेंसिंग,सेंसिंग
lagnewale,लगनेवाले,लग्नेवाले
jalte,जलते,जलते
generat,जेनरेट,गेनेरतर
dabholkar,दाभोलकर,दभभोलकार
gaanthe,गांठे,गंथठे
jayke,जायके,क्यकेक
vyaghat,व्याघात,व्याघाघा
order,आर्डर,दर्दर
pataraani,पटरानी,पतरनीन
gangajal,गंगाजल,गंगाजल
badli,बदली,बदली
vajud,वजूद,वाजुद
vidyaon,विद्याओं,विद्याओं
francisca,फ्रांसिस्का,फ्रैंसिस्क्स
calling,कोलिंग,लेंगिंग
kankar,कंकड़,कंकर
half,हॉफ,फफफफ
jadd,जड़,द्दद
sprit,स्प्रिट,प्रितृ
pehnate,पहनते,पहनाते
vanshdhar,वंशधर,वंशधार
corolla,कोरोला,कोरोललल
atake,अटके,काटके
junooni,जुनूनी,जूनूनी
roomani,रुमानी,रूमनी
upadravi,उपद्रवी,उपद्रवी
patkathayen,पटकथाएं,पटकथाएं
boliye,बोलिए,बोलिय
sevai,सेंवई,वेवै
robin,रोबिन,रोबिन
phatane,फटने,पटने
rajinaama,राजीनामा,राजिनामा
aakaash,आकाश,काशशश
awantipora,अवंतिपुर,आवंटीपोरर
theni,थेनी,नीनीठ
fikra,फिक्र,फिक्र
jenee,जेनी,जेनीी
formulae,फार्मूले,फोर्मूलाई
maalish,मालिश,मालिशि
gaen,गाएं,गेएंग
mahin,महीन,निनिं
putaliyaan,पुतलियां,पुटललियां
bhoogol,भूगोल,गुगोलो
padadhikari,पदाधिकारी,पदाधिकारी
dhandhaanya,धनधान्य,धंधान्य
bhadakaya,भड़काया,भड़काय
ganthon,गांठों,गंथों
bajaj,बजाज,जजाजा
mardani,मरदानी,मर्दानी
gidgidate,गिड़गिड़ाते,गिदगिदेटी
sanyukta,संयुक्ता,संयुक्त
hawalat,हवालात,हालालतः
tarkon,तर्कों,ट्रकों
tarko,तर्कों,कोकोकट
goel,गोयल,लेलेग
nidhan,निधान,निधान
kural,कुराल,लरलल
bakaul,बकौल,अकौलल
mithaai,मिठाई,मिठाई
liberation,लिबरेशन,लाइबरेशन
alochakon,आलोचकों,अलोचकों
bhrantiyan,भ्रांतियां,भ्रांतियां
mular,मूलर,लूलरह
kavvaliyon,कव्वालियों,कवववालियों
parabola,पैराबोला,पराबोलाल
surana,सुराणा,रूरणण
items,आइटम्स,टीटममेस
kushan,कुषाण,कुशन
sargi,सरगी,ग्रगी
chaukiyan,चौकियां,चौकियां
isht,इष्ट,ष्षष्
vaahikayen,वाहिकाएं,वाहिकाएं
sanvedikaran,संवेदीकरण,संवेदीकरण
jaagriti,जागृति,जागृति
katra,कटरा,कतररा
chamakna,चमकना,चमकना
aryma,अर्यमा,म्यममा
uthne,उठने,नठने
landara,लंगड़ा,लंदररा
urgent,अर्जेंट,ज्रेंटें
las,लास्ट,लललललल
durdarshan,दूरदर्शन,दूरदर्शन
ravel,रवैल,लेवले
chauda,चौड़ा,दौड़
sphoorti,स्फूर्ति,स्फूर्ती
namankanon,नामांकनों,नमानकों
gowmutra,गौमूत्र,गौमुत्र
naksalwaad,नक्सलवाद,नक्सलवादा
offers,ऑफर्स,राफर्स
koot,कूट,कूटू
utaney,उतने,उतनेे
catlin,कैटलिन,कैटलिन
theatre,थियेटर,तीत्रे
machanno,मचानों,मचाननों
harshit,हर्षित,हर्षिति
anuchit,अनुचित,नुच्छित
thane,थाणे,नें
tyoihar,त्यौहार,त्योयहहा
rukavaton,रूकावटों,रुकावटों
cps,सीपीएस,सीपीसपी
help,हेल्प,प्लपल्
arpit,अर्पित,प्पित
ehsaas,एहसास,हेषासस
katthai,कत्थई,ट्ठठाई
gruhnagar,गृहनगर,गृहणागर
gochar,गोचर,गोचार
maas,मास,मास
najibabad,नजीबाबाद,नजीबाबद
varshan,वर्शन,शर्षण
avrodhk,अवरोधक,अवरोधक्
sambhrant,संभ्रांत,संभरंत
prakriya,प्रक्रिया,प्रक्रिया
jeewan,जीवन,वीवन
charit,चरित,टिरिट
eddy,एड्डी,द्यद्य
avarodhak,अवरोधक,अवरोधक्
sahkalakar,सहकलाकार,सहकालकर
nanak,नानक,नानक
faansi,फांसी,फांसी
jheel,झील,लीलझ
killat,किल्लत,लिलतल
parshadon,पार्षदों,परशादों
weronika,वेरोनिका,वेरोनिका
ferth,फर्थ,थरथथ
gumaan,गुमान,गुमान
chhink,छींक,किंक
anudit,अनूदित,दुणुदित
cricket,क्रिकेट,क्रिकेटक
kalpi,कालपी,ल्पीपी
niyanta,नियंता,नियंता
rajon,राजों,राजों
raagon,रागों,रागोंग
dharmnath,धर्मनाथ,दर्मनाथथ
rupak,रूपक,पुरकप
abbott,एबट,ब्बो
mehman,मेहमान,मेहमन
chhuptaa,छुपता,छुप्ता
brock,ब्रोक,रोककक
durbhiksh,दुर्भिक्ष,दूरभीक्ष
kaji,काजी,जीज
pitne,पीटने,पिटनेन
ccd,सीसीडी,डीसीडीड
nazarandaaz,नजरंदाज,नज़रंदाज
chhudane,छुडाने,छुड़ाने
paarshadon,पार्षदों,पार्षदों
mejbani,मेजबानी,मेजबानी
yojanaen,योजनाएं,योजनाएं
ester,एस्टर,स्टेटर
failkar,फैलकर,फैलकर
pushpit,पुष्पित,शुपिति
gr,जीआर,गृग्ग
lurhakate,लुढ़कते,लुढ़कते
complex,कॉम्प्लेक्स,क्प्लेक्स
puraane,पुराने,पुराने
hostes,होस्टेस,हास्टेस
deputy,डेप्युटी,देपुट्यु
recreation,रिक्रिएशन,रेक्रिशन
udar,उदर,दार
eesa,एेसा,ससासी
breed,ब्रीद,डीडीडब
bodara,बोदरा,बोदररा
shringaar,शृंगार,श्रृंगा
nirdeshika,निर्देशिका,निर्देशिका
rupi,रूपी,पूपी
kamtar,कमतर,मतमार
sanskar,संस्कार,संस्कर
jain,जैन,ऐन
mtake,एमटेक,कैकेक
banaam,बनाम,बनामम
asian,एशियन,यियाशि
gangaajal,गंगाजल,गंगाजल
barahamasi,बारहमासी,बराहमसी
aary,आर्य,आर्या
rodrigo,रोड्रिगो,रोडरिगोग
pratibhutiyan,प्रतिभूतियां,प्रतिभूतियां
satti,सत्ती,ट्टटी
ekaki,एकाकी,इकाकीक
propellant,प्रोपेलेंट,प्रोपलेंट
dredger,ड्रेजर,देदरेग
chhootane,छूटने,छूटने
khat,खत,खट्
pick,पिक,किक
anurit,अनुरीत,रुणिरित
hathiya,हथिया,हैथिया
gae,गए,गाई
rigal,रीगल,गृगलग
maryaadaa,मर्यादा,मर्याड़ा
karyabhar,कार्यभार,क्रयभभरभ
mavey,मावे,वेवे
wadali,वडाली,वादली
depthiriya,डिप्थीरिया,देप्थिरिया
jasmit,जसमीत,जसममित
federal,फैडरल,देदरलल
vise,वाइज,सेसेस
nishchal,निश्चल,शिष्चल
udaanen,उड़ानें,उदानें
rosario,रोसारियो,रोसरोयोर
chaudahavan,चौदहवां,चौड़हवान
eyarave,एयरवे,रयवाेव
jvaaron,ज्वारों,ज्वारों
bazaru,बाजारू,रजारूर
jaidayal,जयदयाल,दैदायल
parishadon,परिषदों,परिशदों
amaanat,अमानत,मामनत
chhupta,छुपता,छुप्ता
mitao,मिटाओ,मिटाओं
mehamaan,मेहमान,मेहमान
britain,ब्रिटेन,ब्रिटेने
waan,वाण,वान
jivant,जीवंत,विवंतं
valkkan,वल्कन,वाल्कन
suneeti,सुनीति,सुनीती
hilne,हिलने,हिलने
barasingha,बारहसिंगा,बरसींह
pitamah,पितामह,पितमहहम
visheshan,विशेषण,विशेषण
bethanal,बेथनल,बेठनाल
trabal,ट्रेबल,रताबलबत
elaaj,इलाज,लाजाल
socar,सॉकर,कोसार
pardesiyon,परदेसियों,पर्देशियों
rugna,रुग्ण,रूग्णन
bevkufana,बेवकूफाना,बेवकुफना
kaldwell,काल्डवेल,कल्ववेल
mood,मूड,डूडू
duvidhaayein,दुविधाएं,दुविधाएं
jamuai,जमुई,जमुईए
thumri,ठुमरी,रूमरी
bethnal,बेथनल,बेठनाल
chadhane,चढ़ने,चढ़ाने
nitya,नित्या,नीत्य
modyuls,मॉड्यूल्स,मोड्युल्स
devapur,देवापुर,देवपूरु
manzilein,मंजिलें,मंजिलें
eksath,एकसाथ,केष्ठा
kalmen,कलमें,कल्में
mancheeye,मंचीय,मंचीय
dork,डॉर्क,क्रक्र
jivan,जीवन,विवनन
premi,प्रेमी,रेमीमीप
purzon,पुर्जों,पूर्जों
khaini,खैनी,नीनी
swachalit,स्वाचालित,स्वचालित
nischal,निश्चल,निच्छल
ski,स्की,क्सीक
galaxiyon,गैलेक्सियों,गलक्सियों
bharate,भरते,बराते
tenis,टेनिस,नेशिसी
cheh,छह,छेछ
sheli,शैली,लेलीश
parishadiya,परिषदीय,परिशद्यी
vivekahin,विवेकहीन,विवेकाहीन
aagaashe,आगाशे,आगाशेश
theaters,थिएटर्स,टीटर्स्
chabate,चबाते,चबते
nazeem,नजीम,जैीमम
plan,प्लेन,लपान
ghataayaa,घटाया,घटाया
adaani,अदाणी,अदानी
made,मैड,डेड
airway,एयरवे,रेवराए
avantipur,अवंतिपुर,वांतिपुरु
aastik,आस्तिक,स्टिकिक
bhutto,भुट्टो,ट्टूटो
ganpati,गणपति,गंपती
chhinky,छींके,निकेक्
nazraane,नजराने,नज़राने
swipe,स्वैप,स्विपे
tanbe,तांबे,टंंबेब
introduction,इंट्रोडक्शन,इंट्रोडक्शन
udant,उदंत,दूंतं
ashrafi,अशरफी,शशरफीफ
ilaichi,इलाइची,इलाछी
mason,मासों,मासों
yashpaal,यशपाल,स्पषाल
hamla,हमला,हमला
judai,जुदाई,जुड़ाई
beni,बैनी,नेनी
jadit,जड़ित,टितित
pehnate,पहनता,पहनाते
bosan,बोसान,बोस्नस
jeenon,जीनों,जीनों
domenic,डोमेनिक,डोमेनिकि
pachata,पचाता,पचाता
fatma,फातमा,फटमम
rajtantra,राजतंत्र,राजतंत्र
lte,एलटीई,टेलील
kurmi,कुर्मी,रूमरी
parshad,पार्षद,शृषदद
quete,क्यूट,क्वेटी
balty,बाल्टी,टलत्यट
baadhaon,बाधाओं,बाधाओं
malaga,मलागा,मलगागा
ralod,रालोद,रालोडो
squash,स्क्वैश,स्क्वशशश
menu,मेनू,नुयून
bichhua,बिछुआ,बिछुआ
manner,मैनर,न्नेन
pizza,पिज्जा,पिज़्ज़
ilayachi,इलाइची,इलायची
rooting,रूटिंग,टिंगिंग
jamana,ज़माना,जमानन
alps,ऐल्प्स,प्प्सप्
simi,सिमी,मिमी
andha,अंधा,धंधाध
bandhan,बंधान,बंधन
khoya,खोया,योयाख
naamdhari,नामधारी,नामधारी
ishat,ईष्ट,ष्षत्
abbott,एबोट,ब्बोत
tikamgarh,टीकमगढ़,तीकमगढ़
nrityashaili,नृत्यशैली,नृत्यशालिल
naksal,नक्सल,सक्सल
tippnikar,टिप्पणीकार,तिप्पनिकारक
aaryan,आर्यों,यार्याण
subhay,सुभाय,भूभयए
naxalvaaad,नक्सलवाद,नक्लवाादा
lootmar,लूटमार,लूटमरम
niyantaa,नियंता,नियंता
phoos,फूस,फूऊस
vareinye,वरेण्य,वरेंय
navketan,नवकेतन,नवकेतन
dhndhe,धंधे,दंधे
laundry,लॉन्ड्री,लौंद्रय
divy,दिव्य,विव्यव
karyarat,कार्यरत,क्रायारत
saajan,साजन,साजन
kanthahar,कंठहार,थंठहरह
udana,उड़ाना,उदानानु
shahdara,शहादरा,शाहदर
brijesh,बृजेश,ब्रिजे
gosvami,गोस्वामी,गोस्वामी
asamany,असमान्य,असामान्य
aadhunik,आधुनिक,अधूनिकि
chhuri,छुरी,चूरी
regal,रीगल,गेगलग
hegde,हेगडे,गेदगेड
forcee,फारसी,फोर्सी
lagataar,लागातार,लगतारा
samoaa,सामोआ,समोआआस
gayatri,गायत्री,गयात्री
mangi,मांगी,जीगी
dampattiyon,दंपतियों,दंपत्तियो
wanshwad,वंशवाद,वंश्वदा
rishicool,ऋषिकुल,ऋशिकूल
methanol,मेथेनॉल,मेथनोलोल
doranda,डोरंडा,दोरंदड
lace,लैस,सेस
symons,साइमंस,सिमोंसम
ishak,इशाक,शिषक्
mnaey,मनाए,मनाईए
sakar,सॉकर,करकास
paathyakramon,पाठ्यक्रमों,पाठ्यक्रमों
parosane,परोसने,परोसने
kapdi,कापड़ी,पड़ीड़क
sikud,सिकुड़,किकुडुक
fatane,फटने,फटेने
ajhar,अजहर,रहरह
kapdo,कपड़ो,पदपोड़
ukrainian,यूक्रेनियन,उक्रेनियन
mass,मास,मैस्
talawe,तलवे,टलवेव
jamuei,जमुई,जमुएई
piega,पिएगा,गेगगग
kaivelari,कैवेलरी,कैवेलरी
jewellers,ज्वेलर्स,वेलेसर्स
sthitiyan,स्थितियां,स्थितियां
halchal,हालचाल,छलचाल
charon,चारों,कारों
jaiban,जयबाण,जयबनान
lati,लाती,टीटील
laingadan,लैंगडन,लांगदड़
bulao,बुलाओ,बुलाओओ
aurangabad,औरंगाबाद,अरंगबाबद
sandarbhon,संदर्भों,संदरभों
ulahana,उलाहना,उलाहनना
rishikul,ऋषिकुल,ऋषिकुल
kaju,काजू,जूजूक
have,हैव,वेवे
ushma,ऊष्मा,उष्ममा
kanyaayen,कन्याएं,कन्यायें
virechan,विरेचन,विरेचन
risane,रिसने,रिसनेन
dikhaai,दिखाई,दिखाई
kusumlata,कुसुमलता,कुसुमलाता
pace,पेस,सेप
adhik,अधीक,किकिक
nagin,नागिन,नीजनिन
jajamau,जाजमऊ,जजमाऊम
truck,ट्रक,क्कक
prapat,प्रपात,प्रपतपत
sanyojnon,संयोजनों,संयोजनों
tariko,तरीको,टीकिको
benwar,बेंवर,वेंवर
kap,कप,कपष
fadfadata,फड़फड़ाता,फड़फड़ता
piyari,पियरी,पियरी
chauka,चौका,कुका
shrotaon,श्रोताओं,श्रोताओं
chai,छै,चेच
sanyogvash,संयोगवश,संयोगवाश
raajasva,राजस्व,राजस्व
sikar,सीकर,सिकरक
hoshangabaad,होशंगाबाद,होशानगाबाद
khanda,खंडा,दंडड़
bharte,भरते,बर्टे
dhaaga,धागा,दागगा
sunega,सुनेगा,सुनेगाग
wlaad,व्लाद,वालादा
doongarpur,डूंगरपुर,दूंगरपुरु
polymer,पॉलिमर,मलीमेरम
plus,पल्स,लूसुल
napne,नापने,नेपनेन
standhaari,स्तनधारी,स्तनधारी
vishwasaniy,विश्वसनीय,विश्वासनीय
tasting,टेस्टिंग,टिंगिंग
paltane,पलटने,पलतटने
bavaji,बावजी,बावजीज
bagichi,बगीची,बगीची
badhit,बाधित,टिटित
jivaniyan,जीवनियां,जीवनियां
sohaval,सोहावल,शोहववल
bajuon,बाजुओं,बजजूओं
awazon,आवाज़ों,आवाजों
ardaas,अरदास,दर्दास
dungerpur,डूंगरपुर,दंगरपुर
adad,अदद,दादद
ved,वेड,डेेद
letakar,लेटकर,लेटकर
theateron,थिएटरों,टीटरों
naksalavaad,नक्सलवाद,नक्सलवादा
girijagharon,गिरजाघरों,गिरिजाघरों
skootaron,स्कूटरों,स्कूटरों
hippopotamus,हिप्पोपोटेमस,हिप्पोटम
dastaanaa,दस्ताना,दस्ताना
aamdi,आमदी,दमडी
badhachadhakar,बढ़ाचढ़ाकर,बढ़चढ़कर
theatron,थिएटरों,ठीट्रों
danptiyon,दंपतियों,दंप्तियों
chhavi,छवी,च्वी
dipsingh,दीपसिंह,दीप्सिंघ
mauley,मौले,मौले
bhabar,भाबर,बरबरब
katasaraj,कटासराज,कतासराज
wesle,वेस्ले,वेसलेल
saabah,साबाह,साबहभा
ashktta,अशक्तता,अक्षत्तत
lehrayi,लहराई,लहरायी
parikshaayein,परीक्षाएं,परिक्षाएं
ot,ओत,ओओओ
tapmanon,तापमानों,तप्मनों
upakhyaanon,उपाख्यानों,उपख्यानों
suta,सुता,ताता
spf,एसपीएफ,फप्फफप्
robinson,रॉबिंसन,रॉबिंसों
pihaani,पिहानी,पिहानी
bechte,बेचते,बेचते
kasimabad,कासिमाबाद,कासिमाबदबा
bharni,भरनी,बरणनी
sarkarein,सरकारें,सरकारें
packard,पैकर्ड,काकर्ड
nuskhe,नुस्खे,नुक्षेख
down,डाउन,नाउनव
sajsajja,साजसज्जा,सजसज्जज
bang,बंग,गंग
racing,रेसिंग,सिंगिं
junagadh,जूनागढ,जूनागढ़
aapadaaaen,आपदाएं,आपदाएं
panama,पनामा,पनममाप
akram,अकरम,रक्म
ladki,लड़की,क्कीक
kahlaya,कहलाया,कहलाया
jalagati,जलगति,जलाती
pahanate,पहनते,पहनाते
jubair,जुबेर,बुबैरी
vangchuk,वांगचुक,वंगचुक
yatnaon,यातनाओं,यत्नाओं
kundal,कुंडल,दूंडाल
sanbharnt,संभ्रांत,संभरनतं
cpm,सीपीएम,पीएमपीस
usmein,उसमें,उस्में
sweekarte,स्वीकारते,स्वीकारते
shaavakon,शावकों,शावकों
zamana,ज़माना,जमानन
singar,सिंगार,गिंगार
antoni,एंटोनी,एंटोनीन
bahuchara,बहुचरा,बहुचरा
sahakalakar,सहकलाकार,सहकलाकार
ghabrahat,घबराहट,घबराहतह
vanshavad,वंशवाद,वंशावदा
mariyo,मारियो,यियोयोय
cleris,क्लेरिस,क्लेरिसि
baithate,बैठते,बैठते
jeevanshaili,जीवनशैली,जीवनशाइली
kapda,कपड़ा,कडपड़
kamottejana,कामोत्तेजना,कामोट्टेजना
paarampariktaa,पारंपरिकता,पार्मपरिकता
lahlahati,लहलहाती,लहलहती
labada,लबादा,लबददा
maryadaon,मर्यादाओं,मर्याड़ों
enthe,ऐंठे,ठंठे
bayern,बायर्न,रेयरन
pipli,पिपली,पिप्ली
avaigyanic,अवैज्ञानिक,अवैज्ञनिकिय
fogat,फोगाट,फोगतग
supachye,सुपाच्य,सुपच्चय
arabab,अरबाब,बरबबबब
dazy,डेजी,जजयजद
jaunch,जाँच,ंच
maid,मैड,डाईड
sacchidanand,सच्चिदानंद,सच्चिदानंद
jivanshaili,जीवनशैली,जीवनशाइली
kabra,कब्र,ब्बरा
sahdev,सहदेव,दाहदेव
mathey,माथे,देठे
pau,पौ,पपप
flin,फ्लिन,फ्लिन
karanjiya,करंजिया,करणजीय
pakaude,पकौड़े,पकाउड़े
ubaal,उबाल,आबाला
jutee,जुटी,जुटी
kalapi,कालपी,कलापी
dita,दिता,दितात
najib,नजीब,बाजीब
zee,ज़ी,जीईझ
bagbani,बागबानी,बगगानी
tahkhana,तहखाना,तहखाना
vidhivat,विधिवत,विधिवत्
devaapur,देवापुर,देवापुरु
rollers,रोलर्स,लोर्लर्
khinchkar,खिंचकर,खिंचकर
jivaniyaan,जीवनियां,जीवनियां
okalahoma,ओकलाहोमा,ओकलहोममाम
shrunkhla,श्रंखला,शृंखला
aagaman,आगमन,आगममा
stop,स्टॉप,स्टॉपो
idle,आइडल,लिडले
salaahkar,सलाहकार,सलाहकर
ahsaas,एहसास,सहसासस
vidhaaon,विद्याओं,विधाओं
shakhayan,शाखाएं,शखायान
kaav,काव,वाओक
rita,रीता,रीतात
daglas,डगलस,दगलसा
guthalidar,गुठलीदार,गुठलीदार
bare,बरे,रेडर
pratishat,प्रतिशत,प्रतिश्ष
kaagaz,कागज़,गाज़गझ
madaura,मढ़ौरा,मदौरर
samprbhu,संप्रभु,संप्रभुभ
man,मैन,मानम
phalata,फलता,पलतता
alind,अलिंद,ंडिंड
farth,फर्थ,थथथथ
transistor,ट्रांजिस्टर,ट्रांसिस्टर
ravle,रावले,रेवलेल
megapixel,मेगापिक्सल,मेगापिक्स
isaaiyon,ईसाइयों,ईसाईयों
sasakon,शासकों,सासकों
shrikhand,श्रीखंड,श्रीखंद
narayangarh,नारायणगढ़,नारायणगढ़
yorker,यॉर्कर,रॉकरेकर
jaatiyon,जातियों,जातियों
pml,पीएमएल,मललमफपप
sabhasadon,सभासदों,सभासदों
chabutare,चबूतरे,चबुत्रे
chaalit,चालित,लािति
january,जनवरी,जनुर्य
banva,बनवा,वंनवा
kpada,कपड़ा,पकड़ड़
singha,सिंहा,सिंहघा
lti,एलटीई,टीटीलल
baabat,बाबत,बाबत
vishwasaniyata,विश्वसनीयता,विश्वासनियता
tremasik,त्रैमासिक,त्रेमसिक
gujarta,गुजारता,गुजरतता
shutting,शुटिंग,ट्टूंगि
nirdhaarit,निर्धारित,निर्धारित
badha,बाधा,धधाधा
posta,पोस्ता,पोस्ट
yaduvansh,यदुवंश,यादुवंश
westing,वेस्टिंग,वेस्टिंग
besil,बेसिल,लिले
jayadayal,जयदयाल,दयदयलय
andrabee,अंद्राबी,अंद्रबीब
snikarse,स्नीकर्स,स्निकर्स
ujback,उज़्बेक,यूजबैक
mas,मास,मममम
tau,टाऊ,टऑटऑ
auchitya,औचित्य,आचित्य
mahasinh,महासिंह,महासिंह
lahsun,लहसुन,लहसून
uttara,उत्तरा,उत्तरार
pangolin,पैंगोलिन,पंगोलिन
rasaayanika,रसायनिक,रसायनिक
pataakshep,पटाक्षेप,पताक्षेपष
matsyavtar,मत्स्यावतार,मत्स्यवत्रा
simate,सिमटे,सिमतेट
patrani,पटरानी,पत्रणीन
baldvin,बाल्डविन,बलदवीनी
foda,फोड़ा,फोड़ड़
feka,फेका,केका
dikhlaa,दिखला,दिखला
samalakhaa,समालखा,समलाखा
slash,स्लैश,स्लाशश
singhaadey,सिंघाड़े,सिंहाड़े
hamaal,हमाल,हामला
zarda,जर्दा,द्रदार
chidchidapan,चिड़चिड़ापन,चिड़चिड़पन
mahapran,महाप्राण,महाप्रण
narnari,नरनारी,नर्नारी
jua,जुए,झुजज
chhutne,छूटने,छुट्न
saimans,साइमंस,मैमंशंस
churcha,चर्चा,चर्चचर
agavai,अगवाई,गावई
bandhate,बांधते,बंधाते
kapadi,कापड़ी,कपड़ी
avsthayen,अवस्थाएं,अवस्थाएं
sarkaaron,सरकारों,सरकारों
weldor,वेल्डर,वेल्डोर
langda,लंगड़ा,लंगडड़
clock,क्लाक,कोककॉल
cubeck,क्यूबेक,कबेक
dali,दली,ली
mahapauron,महापौरों,महापुरों
oklahoma,ओक्लाहोमा,ओकललोहमम
regional,रीजनल,रेजियन
shatpath,शतपथ,प्टपथ
fatama,फातमा,फटममा
mundwa,मुंडवा,मुंडवाव
tiwari,तिवारी,तिवाड़ी
anthak,अनथक,ठंठक
ghontne,घोंटने,गोंटने
chhaapemaar,छापेमार,छापेमार
ahyan,आह्नान,यान्यान
vineet,विनीत,नितिती
aset,असेट,टेटेस
dikhaee,दिखाईं,दिखाई
johnson,जॉनसन,जॉन्सन
prathmikta,प्राथमिकता,प्राथमतिकता
robertsan,रॉबर्टसन,रोबर्ट्सन
diphtheria,डिप्थीरिया,दीफ्थेरियार
moolar,मूलर,लूलर
theatron,थियेटरों,ठीट्रों
equities,इक्विटीज,इक्विटीजी
formic,फार्मिक,फोर्मिक
dhoondh,ढूंढ,धंधधध
asthetic,एस्थेटिक,स्थातीकि
sivan,सिवान,सिवनन
offshore,ऑफशोर,ऑफ्शोर
samprabhu,संप्रभु,संप्रभुभ
velvet,वेलवेट,लेवलेते
neelaabh,नीलाभ,नीलभभ
sujan,सुजेन,सूजन
ramkot,रामकोट,रामकोटो
chipakane,चिपकने,चिपकने
divya,दिव्य,दिव्य
opel,ओपेल,लेलेफ
pajej,पेजेज,जेजेजप
madhuara,मढ़ौरा,मधुरधरर
rodolph,रुडोल्फ,रोडलपफफ
sandarbh,संदर्भ,दंडरभभ
aamdan,आमदन,आमदान
denevali,देनेवाली,देनेवाली
hahakar,हाहाकार,हहकरकार
nityaa,नित्या,नित्याय
utne,उतने,नूटने
devnar,देवनार,देवनार
chaurai,चौरई,चौरता
putlaa,पुतला,पुटला
jiwan,जीवन,विवनन
cbse,सीबीएसई,सबीसससीब
busy,बिजी,सीजयब
chaktte,चकत्ते,चक्तते
libration,लिबरेशन,लाइब्रेश
gujarte,गुजारते,गुजरते
chamkana,चमकना,चमकना
falitarth,फलितार्थ,फलित्रथ
mezabani,मेजबानी,मेजबानी
pathyakram,पाठ्यक्रम,पथठ्यक्रम
moolon,मूलों,मूलोन
senvai,सेंवई,सेनवैव
darjano,दर्जनों,दर्जनों
pihani,पिहानी,पिहानी
purvaabhas,पूर्वाभास,पूर्वाभास
dukhon,दुखों,दुखों
eksaath,एकसाथ,केक्सा
bostan,बॉस्टन,बोस्टन
kaagaj,कागज़,गाज़गज
slider,स्लाइडर,स्लाइडर
dhakkal,ढकाल,क्कला
karoor,करूर,रूरूर
gazi,गाज़ी,जीज़गग
gulshan,गुलशन,गुलशान
hooper,हूपर,पूपरे
aaryika,आर्यिका,आर्यिका
aatmayen,आत्माएं,आत्मयें
sinha,सिंहा,शिन्हा
suction,सक्शन,स्कटशन
barsaata,बरसाता,बरसातात
ghumakkdi,घुमक्कड़ी,गुमक्कीद
sunaaron,सुनारों,सुनारों
juye,जुए,जयए
maange,मांगे,जेंगे
tansen,तानसेन,टांसेने
bull,बुल,लललब
neko,नेको,केकोक
badata,बढ़ाता,बड़तता
sipahiyon,सिपाहियों,सिपहियों
shrankhalaaon,श्रंखलाओं,श्रृंखलाओं
bahamaas,बहामास,बहमास
vitthal,विठ्ठल,वित्थल
aagman,आगमन,गामगा
pahla,पहला,लहला
nilgai,नीलगाय,नीलगाई
very,वैरी,रीजर्
ratrichar,रात्रिचर,रत्रिचार
panchaang,पंचांग,चंचांगं
nazarandaz,नजरंदाज,नज़रंदाज
prashansanon,प्रशासनों,प्रशंसनों
cigaretton,सिगरेटों,सिगारेटों
suryadev,सूर्यदेव,सूर्यदेवे
jasmeet,जसमीत,स्मीति
suja,सूजा,जजजजस
ethan,ऐठन,थेन
tuglakabad,तुगलकाबाद,तुगलकाबद
thirake,थिरके,तीरकेक
pahnaati,पहनाती,पहनाती
mardo,मर्दों,ड्रडोडो
mukartey,मुकरते,मुकारते
farookhnagar,फर्रूखनगर,फरूखनागर
jadein,जड़ें,जड़ें
ainth,ऐंठ,ठंठठ
katrina,कैटरीना,कतरिनाण
angrzi,अंग्रज़ी,गंग्रजी
jaibaan,जयबाण,जयबान
qawwaliyon,कव्वालियों,कवववालियों
mardon,मर्दों,मार्डों
pv,पीवी,पपवपप
yashpal,यशपाल,स्पषाल
angraji,अंग्रज़ी,अंग्रजीज
amy,एमी,म्यम
sfurti,स्फूर्ति,स्फुर्ती
tanish,टैनिस,शिषिश
singhde,सिंघाड़े,सिंहदेड़
shipra,शिप्रा,पिप्र
maisachusets,मैसाचुसेट्स,मैशाचुसेट्स
venezuela,वेनेजुएला,वेनेजूले
anyaya,अन्याय,अन्यायय
sarkaron,सरकारों,सरक्रों
holding,होल्डिंग,होल्डिंग
dhokhebaj,धोखेबाज,धोखेबाज
jetha,जेठा,तेठाठ
colon,कोलन,कोलोन
submit,सबमिट,मबुमित
simat,सिमट,मिमतम
chimati,चिमटी,चिमती
daka,डाका,काकदद
bhulata,भूलता,भूलतता
tivolee,टिवोली,तीवोली
gemhagehmi,गहमागहमी,गेहमगेमी
lahna,लहना,लहनना
baitool,बैतूल,तिओूलू
neto,नेटो,टोटोो
shaun,शॉन,ऊंनश
sujen,सुजेन,सूजें
kihatkati,खटकती,किहत्क
dhasmaanaa,धस्माना,धस्मना
beaulad,बेऔलाद,यूलादाब
ikarion,इकाईयों,आइकारियो
dhaga,धागा,गगगढध
sean,शॉन,निएन
error,एरर,रोरर
gadkar,गडकर,गदकरक
sevkon,सेवकों,सेवकों
jaatakon,जातकों,जातकों
swap,स्वैप,पावपास
el,ऐल,लेई
thaile,थैले,लेलेठ
chaupati,चौपाटी,चौपती
nahargarh,नाहरगढ,नहरगढ़
wed,वेड,डेडव
daabholkar,दाभोलकर,दाभोल्कर
baramade,बरामदे,बरामडेड
kanishthika,कनिष्ठिका,कान्ष्ठिक
vidyaen,विद्याएं,विद्याएं
bavra,बावरा,रववरार
paradheen,पराधीन,पराधीनी
raktaabh,रक्ताभ,रक्तभभभ
pichde,पिछड़े,चिछड़ेड
asset,असेट,सेटेे
murjha,मुर्झा,मूरझहा
pratiyon,प्रतियों,प्रतियों
lagatar,लागातार,लगतरत
vajood,वजूद,वजूदू
vigyanon,विज्ञानों,विज्ञानों
chhure,छुरे,रूचर
policy,पालिसी,पॉलिसिस
media,मिडिया,आईएियम
aalhaa,आल्हा,आह्हा
bhukhi,भूखी,खुखी
hakikat,हकीकत,हककिकत
aaram,आराम,राममा
urff,उर्फ,फरफफफ
bakayon,बकायों,बकायों
adain,एडेन,दाईं
ajmeedh,अजमीढ़,मजमीधध
badali,बदली,बदली
wade,वेड,देड़
mohani,मोहानी,मोहनी
kartik,कार्तिक,क्रीकिक
asurkshit,असुरक्षित,असुरक्षित
barsa,बरसा,सरसास
ashrvatath,अश्वत्थ,श्रवात्थ
viththal,विठ्ठल,थिथठाल
kritika,कृतिका,कृतिका
ekatthi,इकठ्ठी,इक्टठी
bhairavnath,भैरवनाथ,भैरवननाथ
badh,बाध,धधधभ
swarupon,स्वरुपों,स्वरूपों
cup,कप,कूप
baithantey,बैठते,बैठनेट
reshe,रेशे,शेषेश
toh,तो,थठह
mooth,मूठ,ठठठठ
tyauharon,त्यौहारों,त्यौहारों
uzbek,उज़्बेक,बुबेकेब
lalkarata,ललकारता,लालकर्ता
chhahon,छहों,छाहों
halt,हाल्ट,ल्टल
uthaapatak,उठापटक,उठापतक
kapolkalpana,कपोलकल्पना,कपोलका्पना
marji,मर्जी,ज़्जी
supachy,सुपाच्य,सुपच्चय
parleron,पार्लरों,प्रलरों
labdh,लब्ध,ध्धधध
killi,किल्ली,लिलीली
rojlin,रोजलिन,रोजलीनि
hingis,हिंगिस,हिंगिसि
pushpa,पुष्प,पुष्पप
addi,एड्डी,दीदी
dhandhanya,धनधान्य,धंधन्य
varn,वर्ण,र्ण
sunaseer,सुनासीर,सुनासिरी
astar,एस्टर,स्तर
dahal,दहल,हालल
lagega,लगेगा,लगेगग
angarak,अंगारक,गंगारक
samanvayaka,समन्वयक,समन्वयका
usmen,उसमें,उस्में
lasoon,लहसुन,लासून
celery,सैलरी,लेलेरी
bapaa,बापा,पपापा
vishwasniiya,विश्वसनीय,विश्वसनीय
dipan,दीपन,दीपन
cube,क्यूब,क्यबबब
jeetod,जीतोड़,तीतोड़ो
upbhokta,उपभोक्ता,उपभोक्त
yaariyan,यारियां,यारियनिय
jai,जय,जईज
tikone,तिकोने,टीकोणे
alha,आल्हा,हलहा
dikhaiye,दिखाइये,दिखाइए
lindan,लिंडन,लिंदन
daw,दाव,दददद
ladate,लड़ते,लड़ते
muflisi,मुफलिसी,मूफलिसी
beesavaan,बीसवां,बीसवां
barahmasi,बारहमासी,बराहमसी
sandali,संदली,संदली
sabah,साबाह,भाभास
untees,उनतीस,अंटीसी
dhaak,धाक,काक
mungeri,मुंगेरी,मूंगरी
jamaaya,जमाया,जमाय
mithilanchal,मिथिलांचल,मिथिलांचल
dealership,डीलरशिप,दीलर्षिप
chaturdik,चतुर्दिक,चतुर्दिक
soharai,सोहराई,सोहराई
changed,चेंज्ड,सेंगडी
nehra,नेहरा,नहरारा
angkor,अंकोर,गंगकोर
truth,ट्रुथ,ठृथठठ
nectar,नेक्टर,नेक्टर
fod,फोड़,डोडडो
bandhuon,बंधुओं,बंधुओं
lengdan,लैंगडन,लेंगड़न
kamjor,कमज़ोर,कमजोरों
lime,लाइम,मिमे
dhona,धोना,नोना
siera,सिएरा,इयररास
kusumalta,कुसुमलता,कुसुमलता
banthiya,बांठिया,बंथिया
riggs,रिग्स,ग्गग्स
obrien,ओब्रायन,ऑब्रिएन
sapat,सपाट,पतपतस
nihalaani,निहलानी,निहालनी
manjil,मंजिल,जिनिलि
ustara,उस्तरा,उस्तररर
tir,तीर,आईटी
funda,फंडा,दूंडड
trimasik,त्रैमासिक,त्रिमासिक
nauu,नाऊ,ऊऊऊऊ
agha,आग़ा,घाघाघ
rozlyn,रोजलिन,रोजलेनि
ashanka,आशंका,नाकंक
badhaataa,बढ़ाता,बढ़ता
charas,चरस,सरसा
eater,ईटर,टेरे
francisko,फ्रांसिस्को,फ्रैंसिस्कोस
janhani,जनहानि,जनहनी
kaylana,कायलाना,कयलनान
mohim,मोहिम,मोहिमि
amrohi,अमरोही,अमरोही
royals,रॉयल्स,योयललसल
juber,जुबेर,बुरेेब
halchaal,हालचाल,हचलचाल
taajaa,ताजा,ताजा
khanikarmi,खनिकर्म,खानिक्रम
ganapati,गणपति,गणपती
ratanpur,रतनपुर,रतनपुरु
banam,बनाम,मननम
galaxion,गैलेक्सियों,गैलक्श्नेशन
dhundh,ढूंढ,धंधधध
diaries,डायरीज,दायरिजे
beerganj,बीरगंज,बीरगंजं
baraamad,बरामद,बरामदम
denewaali,देनेवाली,देनेवाली
sudhargrih,सुधारगृह,सुधारग्रि
nishnaat,निष्णात,निश्नात
sonpne,सौंपने,सौंपने
maidi,मैडी,दीदी
simmons,साइमंस,मिमोंसम
dam,डम,दड़
fermion,फर्मिऑन,फर्मियन
sanjivan,संजीवन,संजीवन
kapdon,कपड़ो,कपड़ों
pushkarana,पुष्करणा,पुष्करण
khatakati,खटकती,खतकती
samjhungaa,समझूंगा,समझुगंगा
ashriri,अशरीरी,श्रशिरी
samadhan,समाधान,समधान
paraffin,पैराफिन,पारफफीन
pehnakar,पहनाकर,पहनाकार
grandhiyon,ग्रंथियों,ग्रांधियों
lakshmighar,लक्ष्मीधर,लक्ष्मीघर
pedia,पीडिया,देडियाई
racketier,रैकेटियर,रैकेटियर
anavashyak,अनावश्यक,अनावश्यक
naksali,नक्सली,नक्सली
ubuntu,उबंटू,ंटूंटु
fus,फूस,फूफस
veronika,वेरोनिका,वरोोनिका
farrukhnagar,फर्रूखनगर,फरूखनागर
bahulya,बाहुल्य,बहुल्य
nichaai,नीचाई,निचाई
singapore,सिंगापुर,सिंगापोर
padaraunaa,पडरौना,पदरौना
baraat,बरात,बराता
mithai,मिठाई,मिठाई
erika,एरिका,रिका
pr,पीआर,प्प्प
failaiye,फैलाइए,फैलाइए
hardas,हरदास,हरददास
grist,ग्रीस्ट,सिष्टस
hamal,हमाल,लामल
jiyo,जीयो,योयोय
shumali,शुमाली,शूमली
prahsan,प्रहसन,प्रशस्न
najraane,नजराने,नज़राने
tribunal,ट्रिब्यूनल,त्रिबूनल
alliance,एलियंस,एलायंस
thaki,थकी,की
kanishthikaa,कनिष्ठिका,कािष्ठिका
beast,बीस्ट,स््ट्स
ghunsa,घूंसा,गुणसास
bulaao,बुलाओ,बुलाओं
salve,साल्वे,वल्वव
abaru,आबरू,रबरूर
sanyukt,संयुक्त,संयुक्त
dhatna,धटना,दतनना
julus,जूलूस,झुलूसु
shabdarth,शब्दार्थ,सब्दरर्थ
csi,सीएसआई,सीससीसी
chhah,छह,छाह
gujarana,गुजारना,गुजररनान
avishvasniy,अविश्वसनीय,अविश्वासनीय
nna,नना,न्नन
utpan,उत्पन,उत्पनप
sulati,सुलाती,सुलती
ranapur,रानापुर,रणपुरुर
log,लोग,गोगल
uthakar,उठाकर,उठाकार
offshor,ऑफशोर,ओफ्शोर
gujarna,गुजारना,गुजरनान
jeevan,जीवन,वीवनन
jalbharav,जलभराव,जलभरवर
chhetter,छेत्र,टेट्टे
khilana,खिलाना,खिलनानख
dalbadl,दलबदल,डालबडल
satluj,सतलुज,त्लतूज
daratey,डराते,दरते
karybhar,कार्यभार,क्रयभभर
maukon,मौकों,मौकों
dulne,डुलने,दुलने
suljayi,सुलझाई,सुल्जाई
achyut,अच्युत,यूचुत
mubarkpur,मुबारकपुर,मुबर्कपुरु
acapulco,अकापुल्को,कैपललकॉक
shujat,शुजात,सूजतत
achanbha,अचंभा,अचंभभभ
rahamat,रहमत,रहमतम
farse,फरसे,फर्सस
vartman,वर्तमान,वर्तमानम
khatakti,खटकती,खतकती
sulaati,सुलाती,सुलाती
maariya,मारिया,मारियाि
dinank,दिनांक,दिनांक
urvarta,उर्वरता,उर्वरत्त
lalak,ललक,लललक
ti,ती,तीत
mehkane,महकने,मेखकने
kamaate,कमाते,कमाते
amjhera,अमझेरा,झोजरेरा
avranta,अवर्णता,अवरंतत
jivraj,जीवराज,जिवराजा
katthaii,कत्थई,कट्ठैई
signals,सिगनल्स,सिग्नलसल
eddi,एड्डी,द्दीद
vichaarakon,विचारकों,विचारकों
karykartaaon,कार्यकर्ताओं,कार्यकारताओं
mejbaani,मेजबानी,मेजबानी
pakshpat,पक्षपात,क्षपतपत
simmy,सिमी,मिमीम
lehna,लहना,लहनना
nitrous,नाइट्रस,इंट्रोउस
astik,आस्तिक,स्टिकिक
clay,क्ले,क्लाय
wahikayan,वाहिकाएं,वाहिकाएं
machanon,मचानों,मचानों
bazi,बाज़ी,जीज़बब
shirke,शिर्के,क्रकके
sthitiyon,स्थितियों,स्थितियों
ishita,इशिता,इशिता
feeder,फीडर,दीदेर
chayal,चायल,लायल
fund,फंड,ंंडं
gtod,जीतोड़,टोटडडडॉ
nagine,नगीने,नगीनेन
yaduwansh,यदुवंश,यादुवंश
rantle,रेंटल,रंतल
tapti,ताप्ती,पत्ती
bahamas,बहामास,हाममसमस
ankon,अंकों,कांकों
napane,नापने,नपपने
rampur,रामपुर,पंपुरु
jaanch,जाँच,ंच
uplaksh,उपलक्ष्य,उपलक्षश
benis,बेनिस,सेनिसि
gandh,गंध,धंधध
pinta,पिंटा,पंता
sanghnit,संघनित,संघनीत
navvadhu,नववधू,नववाधु
sneakers,स्नीकर्स,स्नीकर्स्
locket,लॉकेट,कोकेटे
namkeen,नमकीन,नममकीन
stra,स्ट्रे,स्त्र
jalesar,जलेसर,जलेसर
jamayaa,जमाया,जमाया
bolane,बोलने,बोलने
velkan,वल्कन,वेलकन
umanath,उमानाथ,उमनाथ
dhoondhi,ढूंढी,धूंधी
lahrai,लहराई,लहराई
kshin,क्षीण,शिनीश
apvtrit,अपवर्तित,वपवृत्रित
carfi,कार्की,क्रफफीफ
manchit,मंचित,मंचित
khudai,खुदाई,खुदाई
bakhshane,बख्शने,बख़्शने
maina,मैना,नैनान
bahaav,बहाव,बहावह
songs,सॉन्ग्स,सांगस्स
adhivas,अधिवास,विधिवास
badhotari,बढ़ोतरी,बढ़ोतरी
bhishm,भीष्म,मिश्म
ipad,आईपैड,दापदा
samshayon,संशयों,समशायों
agyat,अज्ञात,ज्ञातत
chadaron,चादरों,चड़रों
amitao,अमिताव,मिटाओं
badhaati,बढ़ाती,बढ़ती
tuberkyulosis,ट्यूबरक्यूलोसिस,टबर्क्युलोसिस
sube,सूबे,बेब
karki,कार्की,कीकी
avika,अविका,विका
pisai,पिसाई,पिसाई
dayitvon,दायित्वों,दायित्वों
want,वांट,ंतंं
rajman,राजमां,राजमान
brighton,ब्रिगटन,ब्राइटों
ia,ईए,आइई
jubaan,ज़ुबान,जुबान
khene,खेने,नेनेे
yojanaein,योजनाएं,योजनाएं
shield,सील्ड,लेल्डल
paathshaalaayein,पाठशालाएं,पाठशालाएं
sachidanand,सच्चिदानंद,सचिदानंद
riya,रिया,यियार
uplabdhi,उपलब्धी,उपलब्धि
phadphadata,फड़फड़ाता,फड़फड़ता
samoa,सामोआ,समोआओस
avirl,अविरल,र्लरल
jajaon,जजों,जजााओ
poker,पोकर,केकरे
patiyaa,पटिया,पटिया
dhundhata,ढूंढता,ढूंढता
chhetthri,छेत्री,छेत्रथर
jassee,जस्सी,जससी
meharaam,मेहराम,मेहरामा
dhokhebaaj,धोखेबाज,धोखेबाज
swechha,स्वेच्छा,स्वेच्छा
chahunor,चहुंओर,चाहूनोर
deepsingh,दीपसिंह,दीप्सिंघ
adhyaynrat,अध्ययनरत,अध्य्यनर्
fefda,फेफड़ा,फेड़
julaahon,जुलाहों,जुलाहों
parishadiy,परिषदीय,परिशदीय
sohawal,सोहावल,शोहववल
pahni,पहनी,नीनी
chitthi,चिठ्ठी,चित्ठी
kanyaein,कन्याएं,कन्याएं
kaushalata,कौशलता,कौशलता
vyagra,व्यग्र,व्याग्र
jenni,जेनी,जेन्न
tuberculosis,ट्यूबरक्यूलोसिस,टबर्कलोसिस
besahara,बेसहारा,बेसहरार
bamba,बंबा,बंबबब
deshke,देशके,देशके
cricketer,क्रिकेटर,क्रिकेटर
trott,ट्रॉट,ट्टोट्
girijaghar,गिरजाघर,गिरिजाघर
astin,आस्तीन,स्टिनिक
vishhin,विषहीन,शिनीनी
yatna,यत्न,यतनान
narsanharon,नरसंहारों,नरसंहरों
rishte,रिश्ते,ऋष्ट
dual,ड्युअल,अउलाल
antaha,अंतः,अंतःह
huppar,हूपर,पुपरप
kalpnaon,कल्पनाओं,कल्पनाओं
hawamahal,हवामहल,हवामहल
dangon,दंगों,डंगों
vash,वश,शशश
ishaaraa,इशारा,इशारा
mhapauron,महापौरों,महापुरों
moshe,मोशे,मोश्ष
arya,आर्यो,र्या
robin,राबिन,रोबिन
chadar,चादर,दारदा
chatunshkoniy,चतुष्कोणीय,चतुन्क्कोणी
chidchidapan,चिडचिडापन,चिड़चिड़पन
notes,नोट्स,सेटसेस
jogging,जॉगिंग,गोगिंगग
sahuliyat,सहूलियत,सहूलियत
punjikaran,पूंजीकरण,पंजीकरण
desai,देसाई,देसई
karghe,करघे,गृघे
rounder,राउंडर,दाउंदर
soochak,सूचक,सूचकछ
daah,दाह,दाहा
raadhe,राधे,राधेे
mahanirdeshak,महानिदेशक,महानिर्देश
patkathaein,पटकथाएं,पटकथाएं
samnvyak,समन्वयक,समन्वयक्
chandana,चंदन,चंदना
ounce,आउंस,सांसस
vibhrm,विभ्रम,भिभ्रमर
farsi,फारसी,फ़्सीस
godara,गोदारा,गोदारार
failaiya,फैलाइए,फैलयया
synapse,सिनेप्स,सिनेप्सी
bisva,बिस्वा,बिस्व
sabhaein,सभाएं,सभाईें
east,ईष्ट,स््त्
kusumalataa,कुसुमलता,कुसुमलता
siwan,सिवान,विवन
duneerti,दुर्नीति,दुनिर्ती
mahajan,महाजन,महज़ान
rukate,रुकते,रुकते
sujain,सुजैन,सुजाइन
jaun,जौं,ऊंऊज
masaledaar,मसालेदार,मसलेदार
select,सलेक्ट,लेक्टक्
varddhaman,वर्द्धमान,वर्द्धमन
mohana,मोहाना,मोहनना
vishahin,विषहीन,विशाहीन
thiyeters,थियेटर्स,याइटर्सर
chetti,चेट्टी,चेत्ती
fact,फैक्ट,क्टक्फ
kide,कीड़े,देदे
sanskritiyon,संस्कृतियों,संस्कृतियों
phurti,फूर्ति,पूर्ती
saym,सायं,मयममस
bagli,बागली,गगली
arthon,अर्थों,राथों
fulae,फुलाए,फुलाई
greg,ग्रेग,गेगगगग
taras,तरस,सरसद
narayangadh,नारायणगढ़,नारायणगढ़
deeya,दीया,यियाई
iter,ईटर,टेयर
bahroopiya,बहरूपिया,बहरूपिय
amargarh,अमरगढ़,अमरगढ़
bag,बाग,गग
kshitij,क्षितिज,शितिजीज
naino,नैनो,नननोन
samprti,संप्रति,संप्रति
welding,वेल्डिंग,वेल्डिंग
dravani,डरावनी,दरवानी
asurakshit,असुरक्षित,असुरक्षित
cubes,क्यूब्स,कबेसेस
tughlaq,तुगलक,गुघलाक
pengolin,पैंगोलिन,पेंगोलिन
sheling,शेलिंग,लेंगिंश
karam,करम,मराम
maarvaad,मारवाड़,मारवाद
vartaman,वर्तमान,वर्तमानम
dhuriya,धुरिया,दुरिया
shahrvasiyon,शहरवासियों,शहरवासियों
wolv,वाल्व,वलवल
amzera,अमझेरा,जमेेररा
funding,फंडिंग,फंडिंग
naukari,नोकरी,नौकरी
malaar,मलार,मालार
christian,क्रिश्चयन,क्रिस्टियन
augusta,अगस्ता,औगस्ट
dubana,डुबाना,दूबननन
vishanu,विष्णु,विशाणुण
ghumakkadi,घुमक्कड़ी,घुमक्कड़ी
jarda,जर्दा,दर्दार
packagon,पैकेजों,पैकागोंप
granthiyan,ग्रंथियां,ग्रांथियाँ
daataa,दाता,दाता
yuddhrat,युद्धरत,युद्धरत
bnaam,बनाम,नबाम
fodo,फोड़ों,फ़ोडोड़
samahar,समाहार,समहरह
aamod,आमोद,डोडोड
samprabhuta,संप्रभुता,संप्रभूत
sendha,सेंधा,सेंधा
suraj,सूरज,जराज़
melghat,मेलघाट,मेलघाघम
asamaany,असमान्य,असामान्य
matpatron,मतपत्रों,मापत्रों
earthquake,अर्थक्वेक,इर्थक्वकके
deonar,देवनार,देवोनर
aahnaan,आह्नान,हननान
masaaledaar,मसालेदार,मसालेदार
kinote,कीनोट,किनोटी
aavritiyon,आवृत्तियों,आवृतियों
jaankaaron,जानकारों,जानकारों
thenga,ठेंगा,टेंगाग
layega,लायेगा,लाएगगग
chhati,छाती,चचती
bhira,भीरा,रीरार
ladaaiyon,लड़ाईयों,लड़ाइयों
vlc,वीएलसी,वल्सवलव
aashriton,आश्रितों,आश्रितों
rudolf,रुडोल्फ,रुडोल्फ
yugm,युग्म,मग्मगु
darmiyan,दरमियान,दर्मियां
takara,टकरा,टकरार
phatne,फटने,पटनेन
wise,वाइज,सीजे
susanskrut,सुसंस्कृत,सुसंस्कृत
laigikata,लैंगिकता,लैगिकता
khand,खंडा,ंंडंध
pahantaa,पहनता,पहनता
samadjiyon,समाधियों,समाजदियों
fandon,फंदों,फंडों
jajmau,जाजमऊ,जजमाऊम
map,माप,पमपम
punargathan,पुनर्गठन,पुनर्गठन
karnataka,कर्नाटका,कर्णतक
vadli,वडाली,वदलीली
bipin,बिपिन,पिपिनि
amit,अमित,टििटि
nicky,निकी,किकी
ganguly,गांगुली,गंगुल्य
jivaniya,जीवनियां,जीवनिया
